                                                                        S0000001
,,31HOpen CASCADE IGES processor 7.9,13HFilename.iges,                  G0000001
16HOpen CASCADE 7.9,31HOpen CASCADE IGES processor 7.9,32,308,15,308,15,G0000002
,1.,2,2HMM,1,0.01,15H20260826.164935,8.31746E-07,61.,13HAdministrator,, G0000003
11,0,15H20260826.164935,;                                               G0000004
     402       1       0       0       0       0       0       000000000D0000001
     402       0       0       6       1                               0D0000002
     510       7       0       0       0       0       0       000010000D0000003
     510       0       0       1       1                               0D0000004
     190       8       0       0       0       0       0       000010000D0000005
     190       0       0       1       1                               0D0000006
     116       9       0       0       0       0       0       000010400D0000007
     116       0       0       1       0                               0D0000008
     123      10       0       0       0       0       0       000010200D0000009
     123       0       0       1       0                               0D0000010
     123      11       0       0       0       0       0       000010200D0000011
     123       0       0       1       0                               0D0000012
     508      12       0       0       0       0       0       000010000D0000013
     508       0       0       1       1                               0D0000014
     504      13       0       0       0       0       0       000010001D0000015
     504       0       0     118       1                               0D0000016
     110     131       0       0       0       0       0       000010000D0000017
     110       0       0       1       0                               0D0000018
     502     132       0       0       0       0       0       000010000D0000019
     502       0       0     157       1                               0D0000020
     110     289       0       0       0       0       0       000010000D0000021
     110       0       0       1       0                               0D0000022
     110     290       0       0       0       0       0       000010000D0000023
     110       0       0       1       0                               0D0000024
     110     291       0       0       0       0       0       000010000D0000025
     110       0       0       1       0                               0D0000026
     110     292       0       0       0       0       0       000010000D0000027
     110       0       0       1       0                               0D0000028
     110     293       0       0       0       0       0       000010000D0000029
     110       0       0       1       0                               0D0000030
     110     294       0       0       0       0       0       000010000D0000031
     110       0       0       1       0                               0D0000032
     110     295       0       0       0       0       0       000010000D0000033
     110       0       0       1       0                               0D0000034
     110     296       0       0       0       0       0       000010000D0000035
     110       0       0       1       0                               0D0000036
     110     297       0       0       0       0       0       000010000D0000037
     110       0       0       1       0                               0D0000038
     110     298       0       0       0       0       0       000010000D0000039
     110       0       0       1       0                               0D0000040
     110     299       0       0       0       0       0       000010000D0000041
     110       0       0       1       0                               0D0000042
     110     300       0       0       0       0       0       000010000D0000043
     110       0       0       1       0                               0D0000044
     110     301       0       0       0       0       0       000010000D0000045
     110       0       0       1       0                               0D0000046
     110     302       0       0       0       0       0       000010000D0000047
     110       0       0       1       0                               0D0000048
     110     303       0       0       0       0       0       000010000D0000049
     110       0       0       1       0                               0D0000050
     100     304       0       0       0       0      53       000010000D0000051
     100       0       0       2       0                               0D0000052
     124     306       0       0       0       0       0       000000000D0000053
     124       0       0       2       0                               0D0000054
     110     308       0       0       0       0       0       000010000D0000055
     110       0       0       1       0                               0D0000056
     100     309       0       0       0       0      59       000010000D0000057
     100       0       0       1       0                               0D0000058
     124     310       0       0       0       0       0       000000000D0000059
     124       0       0       2       0                               0D0000060
     110     312       0       0       0       0       0       000010000D0000061
     110       0       0       1       0                               0D0000062
     110     313       0       0       0       0       0       000010000D0000063
     110       0       0       1       0                               0D0000064
     100     314       0       0       0       0      67       000010000D0000065
     100       0       0       1       0                               0D0000066
     124     315       0       0       0       0       0       000000000D0000067
     124       0       0       2       0                               0D0000068
     110     317       0       0       0       0       0       000010000D0000069
     110       0       0       1       0                               0D0000070
     100     318       0       0       0       0      73       000010000D0000071
     100       0       0       2       0                               0D0000072
     124     320       0       0       0       0       0       000000000D0000073
     124       0       0       2       0                               0D0000074
     100     322       0       0       0       0      77       000010000D0000075
     100       0       0       2       0                               0D0000076
     124     324       0       0       0       0       0       000000000D0000077
     124       0       0       2       0                               0D0000078
     110     326       0       0       0       0       0       000010000D0000079
     110       0       0       1       0                               0D0000080
     100     327       0       0       0       0      83       000010000D0000081
     100       0       0       2       0                               0D0000082
     124     329       0       0       0       0       0       000000000D0000083
     124       0       0       2       0                               0D0000084
     110     331       0       0       0       0       0       000010000D0000085
     110       0       0       1       0                               0D0000086
     110     332       0       0       0       0       0       000010000D0000087
     110       0       0       1       0                               0D0000088
     100     333       0       0       0       0      91       000010000D0000089
     100       0       0       1       0                               0D0000090
     124     334       0       0       0       0       0       000000000D0000091
     124       0       0       2       0                               0D0000092
     110     336       0       0       0       0       0       000010000D0000093
     110       0       0       1       0                               0D0000094
     100     337       0       0       0       0      97       000010000D0000095
     100       0       0       2       0                               0D0000096
     124     339       0       0       0       0       0       000000000D0000097
     124       0       0       2       0                               0D0000098
     110     341       0       0       0       0       0       000010000D0000099
     110       0       0       1       0                               0D0000100
     100     342       0       0       0       0     103       000010000D0000101
     100       0       0       2       0                               0D0000102
     124     344       0       0       0       0       0       000000000D0000103
     124       0       0       2       0                               0D0000104
     110     346       0       0       0       0       0       000010000D0000105
     110       0       0       1       0                               0D0000106
     100     347       0       0       0       0     109       000010000D0000107
     100       0       0       2       0                               0D0000108
     124     349       0       0       0       0       0       000000000D0000109
     124       0       0       2       0                               0D0000110
     110     351       0       0       0       0       0       000010000D0000111
     110       0       0       1       0                               0D0000112
     100     352       0       0       0       0     115       000010000D0000113
     100       0       0       1       0                               0D0000114
     124     353       0       0       0       0       0       000000000D0000115
     124       0       0       2       0                               0D0000116
     110     355       0       0       0       0       0       000010000D0000117
     110       0       0       1       0                               0D0000118
     100     356       0       0       0       0     121       000010000D0000119
     100       0       0       2       0                               0D0000120
     124     358       0       0       0       0       0       000000000D0000121
     124       0       0       2       0                               0D0000122
     110     360       0       0       0       0       0       000010000D0000123
     110       0       0       1       0                               0D0000124
     100     361       0       0       0       0     127       000010000D0000125
     100       0       0       2       0                               0D0000126
     124     363       0       0       0       0       0       000000000D0000127
     124       0       0       2       0                               0D0000128
     110     365       0       0       0       0       0       000010000D0000129
     110       0       0       1       0                               0D0000130
     100     366       0       0       0       0     133       000010000D0000131
     100       0       0       2       0                               0D0000132
     124     368       0       0       0       0       0       000000000D0000133
     124       0       0       2       0                               0D0000134
     100     370       0       0       0       0     137       000010000D0000135
     100       0       0       1       0                               0D0000136
     124     371       0       0       0       0       0       000000000D0000137
     124       0       0       2       0                               0D0000138
     110     373       0       0       0       0       0       000010000D0000139
     110       0       0       1       0                               0D0000140
     100     374       0       0       0       0     143       000010000D0000141
     100       0       0       1       0                               0D0000142
     124     375       0       0       0       0       0       000000000D0000143
     124       0       0       2       0                               0D0000144
     110     377       0       0       0       0       0       000010000D0000145
     110       0       0       1       0                               0D0000146
     100     378       0       0       0       0     149       000010000D0000147
     100       0       0       2       0                               0D0000148
     124     380       0       0       0       0       0       000000000D0000149
     124       0       0       2       0                               0D0000150
     110     382       0       0       0       0       0       000010000D0000151
     110       0       0       1       0                               0D0000152
     100     383       0       0       0       0     155       000010000D0000153
     100       0       0       1       0                               0D0000154
     124     384       0       0       0       0       0       000000000D0000155
     124       0       0       2       0                               0D0000156
     110     386       0       0       0       0       0       000010000D0000157
     110       0       0       1       0                               0D0000158
     100     387       0       0       0       0     161       000010000D0000159
     100       0       0       2       0                               0D0000160
     124     389       0       0       0       0       0       000000000D0000161
     124       0       0       2       0                               0D0000162
     110     391       0       0       0       0       0       000010000D0000163
     110       0       0       1       0                               0D0000164
     100     392       0       0       0       0     167       000010000D0000165
     100       0       0       2       0                               0D0000166
     124     394       0       0       0       0       0       000000000D0000167
     124       0       0       2       0                               0D0000168
     110     396       0       0       0       0       0       000010000D0000169
     110       0       0       1       0                               0D0000170
     100     397       0       0       0       0     173       000010000D0000171
     100       0       0       2       0                               0D0000172
     124     399       0       0       0       0       0       000000000D0000173
     124       0       0       2       0                               0D0000174
     110     401       0       0       0       0       0       000010000D0000175
     110       0       0       1       0                               0D0000176
     100     402       0       0       0       0     179       000010000D0000177
     100       0       0       2       0                               0D0000178
     124     404       0       0       0       0       0       000000000D0000179
     124       0       0       2       0                               0D0000180
     110     406       0       0       0       0       0       000010000D0000181
     110       0       0       1       0                               0D0000182
     100     407       0       0       0       0     185       000010000D0000183
     100       0       0       2       0                               0D0000184
     124     409       0       0       0       0       0       000000000D0000185
     124       0       0       2       0                               0D0000186
     110     411       0       0       0       0       0       000010000D0000187
     110       0       0       1       0                               0D0000188
     100     412       0       0       0       0     191       000010000D0000189
     100       0       0       2       0                               0D0000190
     124     414       0       0       0       0       0       000000000D0000191
     124       0       0       2       0                               0D0000192
     110     416       0       0       0       0       0       000010000D0000193
     110       0       0       1       0                               0D0000194
     110     417       0       0       0       0       0       000010000D0000195
     110       0       0       1       0                               0D0000196
     110     418       0       0       0       0       0       000010000D0000197
     110       0       0       1       0                               0D0000198
     110     419       0       0       0       0       0       000010000D0000199
     110       0       0       1       0                               0D0000200
     110     420       0       0       0       0       0       000010000D0000201
     110       0       0       1       0                               0D0000202
     110     421       0       0       0       0       0       000010000D0000203
     110       0       0       1       0                               0D0000204
     110     422       0       0       0       0       0       000010000D0000205
     110       0       0       1       0                               0D0000206
     110     423       0       0       0       0       0       000010000D0000207
     110       0       0       1       0                               0D0000208
     110     424       0       0       0       0       0       000010000D0000209
     110       0       0       1       0                               0D0000210
     100     425       0       0       0       0     213       000010000D0000211
     100       0       0       2       0                               0D0000212
     124     427       0       0       0       0       0       000000000D0000213
     124       0       0       2       0                               0D0000214
     110     429       0       0       0       0       0       000010000D0000215
     110       0       0       1       0                               0D0000216
     100     430       0       0       0       0     219       000010000D0000217
     100       0       0       2       0                               0D0000218
     124     432       0       0       0       0       0       000000000D0000219
     124       0       0       2       0                               0D0000220
     110     434       0       0       0       0       0       000010000D0000221
     110       0       0       1       0                               0D0000222
     100     435       0       0       0       0     225       000010000D0000223
     100       0       0       2       0                               0D0000224
     124     437       0       0       0       0       0       000000000D0000225
     124       0       0       2       0                               0D0000226
     110     439       0       0       0       0       0       000010000D0000227
     110       0       0       1       0                               0D0000228
     100     440       0       0       0       0     231       000010000D0000229
     100       0       0       2       0                               0D0000230
     124     442       0       0       0       0       0       000000000D0000231
     124       0       0       2       0                               0D0000232
     110     444       0       0       0       0       0       000010000D0000233
     110       0       0       1       0                               0D0000234
     100     445       0       0       0       0     237       000010000D0000235
     100       0       0       2       0                               0D0000236
     124     447       0       0       0       0       0       000000000D0000237
     124       0       0       2       0                               0D0000238
     110     449       0       0       0       0       0       000010000D0000239
     110       0       0       1       0                               0D0000240
     100     450       0       0       0       0     243       000010000D0000241
     100       0       0       2       0                               0D0000242
     124     452       0       0       0       0       0       000000000D0000243
     124       0       0       2       0                               0D0000244
     110     454       0       0       0       0       0       000010000D0000245
     110       0       0       1       0                               0D0000246
     100     455       0       0       0       0     249       000010000D0000247
     100       0       0       1       0                               0D0000248
     124     456       0       0       0       0       0       000000000D0000249
     124       0       0       2       0                               0D0000250
     110     458       0       0       0       0       0       000010000D0000251
     110       0       0       1       0                               0D0000252
     100     459       0       0       0       0     255       000010000D0000253
     100       0       0       1       0                               0D0000254
     124     460       0       0       0       0       0       000000000D0000255
     124       0       0       2       0                               0D0000256
     110     462       0       0       0       0       0       000010000D0000257
     110       0       0       1       0                               0D0000258
     100     463       0       0       0       0     261       000010000D0000259
     100       0       0       1       0                               0D0000260
     124     464       0       0       0       0       0       000000000D0000261
     124       0       0       2       0                               0D0000262
     110     466       0       0       0       0       0       000010000D0000263
     110       0       0       1       0                               0D0000264
     100     467       0       0       0       0     267       000010000D0000265
     100       0       0       2       0                               0D0000266
     124     469       0       0       0       0       0       000000000D0000267
     124       0       0       2       0                               0D0000268
     110     471       0       0       0       0       0       000010000D0000269
     110       0       0       1       0                               0D0000270
     100     472       0       0       0       0     273       000010000D0000271
     100       0       0       2       0                               0D0000272
     124     474       0       0       0       0       0       000000000D0000273
     124       0       0       2       0                               0D0000274
     110     476       0       0       0       0       0       000010000D0000275
     110       0       0       1       0                               0D0000276
     100     477       0       0       0       0     279       000010000D0000277
     100       0       0       1       0                               0D0000278
     124     478       0       0       0       0       0       000000000D0000279
     124       0       0       2       0                               0D0000280
     110     480       0       0       0       0       0       000010000D0000281
     110       0       0       1       0                               0D0000282
     100     481       0       0       0       0     285       000010000D0000283
     100       0       0       2       0                               0D0000284
     124     483       0       0       0       0       0       000000000D0000285
     124       0       0       2       0                               0D0000286
     110     485       0       0       0       0       0       000010000D0000287
     110       0       0       1       0                               0D0000288
     100     486       0       0       0       0     291       000010000D0000289
     100       0       0       2       0                               0D0000290
     124     488       0       0       0       0       0       000000000D0000291
     124       0       0       2       0                               0D0000292
     110     490       0       0       0       0       0       000010000D0000293
     110       0       0       1       0                               0D0000294
     100     491       0       0       0       0     297       000010000D0000295
     100       0       0       2       0                               0D0000296
     124     493       0       0       0       0       0       000000000D0000297
     124       0       0       2       0                               0D0000298
     110     495       0       0       0       0       0       000010000D0000299
     110       0       0       1       0                               0D0000300
     100     496       0       0       0       0     303       000010000D0000301
     100       0       0       2       0                               0D0000302
     124     498       0       0       0       0       0       000000000D0000303
     124       0       0       2       0                               0D0000304
     110     500       0       0       0       0       0       000010000D0000305
     110       0       0       1       0                               0D0000306
     110     501       0       0       0       0       0       000010000D0000307
     110       0       0       1       0                               0D0000308
     100     502       0       0       0       0     311       000010000D0000309
     100       0       0       2       0                               0D0000310
     124     504       0       0       0       0       0       000000000D0000311
     124       0       0       2       0                               0D0000312
     110     506       0       0       0       0       0       000010000D0000313
     110       0       0       1       0                               0D0000314
     100     507       0       0       0       0     317       000010000D0000315
     100       0       0       2       0                               0D0000316
     124     509       0       0       0       0       0       000000000D0000317
     124       0       0       2       0                               0D0000318
     100     511       0       0       0       0     321       000010000D0000319
     100       0       0       2       0                               0D0000320
     124     513       0       0       0       0       0       000000000D0000321
     124       0       0       2       0                               0D0000322
     110     515       0       0       0       0       0       000010000D0000323
     110       0       0       1       0                               0D0000324
     100     516       0       0       0       0     327       000010000D0000325
     100       0       0       2       0                               0D0000326
     124     518       0       0       0       0       0       000000000D0000327
     124       0       0       2       0                               0D0000328
     110     520       0       0       0       0       0       000010000D0000329
     110       0       0       1       0                               0D0000330
     100     521       0       0       0       0     333       000010000D0000331
     100       0       0       1       0                               0D0000332
     124     522       0       0       0       0       0       000000000D0000333
     124       0       0       2       0                               0D0000334
     110     524       0       0       0       0       0       000010000D0000335
     110       0       0       1       0                               0D0000336
     100     525       0       0       0       0     339       000010000D0000337
     100       0       0       2       0                               0D0000338
     124     527       0       0       0       0       0       000000000D0000339
     124       0       0       2       0                               0D0000340
     110     529       0       0       0       0       0       000010000D0000341
     110       0       0       1       0                               0D0000342
     100     530       0       0       0       0     345       000010000D0000343
     100       0       0       2       0                               0D0000344
     124     532       0       0       0       0       0       000000000D0000345
     124       0       0       2       0                               0D0000346
     110     534       0       0       0       0       0       000010000D0000347
     110       0       0       1       0                               0D0000348
     100     535       0       0       0       0     351       000010000D0000349
     100       0       0       2       0                               0D0000350
     124     537       0       0       0       0       0       000000000D0000351
     124       0       0       2       0                               0D0000352
     110     539       0       0       0       0       0       000010000D0000353
     110       0       0       1       0                               0D0000354
     110     540       0       0       0       0       0       000010000D0000355
     110       0       0       1       0                               0D0000356
     100     541       0       0       0       0     359       000010000D0000357
     100       0       0       2       0                               0D0000358
     124     543       0       0       0       0       0       000000000D0000359
     124       0       0       2       0                               0D0000360
     110     545       0       0       0       0       0       000010000D0000361
     110       0       0       1       0                               0D0000362
     100     546       0       0       0       0     365       000010000D0000363
     100       0       0       2       0                               0D0000364
     124     548       0       0       0       0       0       000000000D0000365
     124       0       0       2       0                               0D0000366
     110     550       0       0       0       0       0       000010000D0000367
     110       0       0       1       0                               0D0000368
     100     551       0       0       0       0     371       000010000D0000369
     100       0       0       1       0                               0D0000370
     124     552       0       0       0       0       0       000000000D0000371
     124       0       0       2       0                               0D0000372
     110     554       0       0       0       0       0       000010000D0000373
     110       0       0       1       0                               0D0000374
     100     555       0       0       0       0     377       000010000D0000375
     100       0       0       1       0                               0D0000376
     124     556       0       0       0       0       0       000000000D0000377
     124       0       0       2       0                               0D0000378
     110     558       0       0       0       0       0       000010000D0000379
     110       0       0       1       0                               0D0000380
     100     559       0       0       0       0     383       000010000D0000381
     100       0       0       2       0                               0D0000382
     124     561       0       0       0       0       0       000000000D0000383
     124       0       0       2       0                               0D0000384
     110     563       0       0       0       0       0       000010000D0000385
     110       0       0       1       0                               0D0000386
     100     564       0       0       0       0     389       000010000D0000387
     100       0       0       2       0                               0D0000388
     124     566       0       0       0       0       0       000000000D0000389
     124       0       0       2       0                               0D0000390
     110     568       0       0       0       0       0       000010000D0000391
     110       0       0       1       0                               0D0000392
     100     569       0       0       0       0     395       000010000D0000393
     100       0       0       2       0                               0D0000394
     124     571       0       0       0       0       0       000000000D0000395
     124       0       0       2       0                               0D0000396
     110     573       0       0       0       0       0       000010000D0000397
     110       0       0       1       0                               0D0000398
     100     574       0       0       0       0     401       000010000D0000399
     100       0       0       2       0                               0D0000400
     124     576       0       0       0       0       0       000000000D0000401
     124       0       0       2       0                               0D0000402
     110     578       0       0       0       0       0       000010000D0000403
     110       0       0       1       0                               0D0000404
     100     579       0       0       0       0     407       000010000D0000405
     100       0       0       1       0                               0D0000406
     124     580       0       0       0       0       0       000000000D0000407
     124       0       0       2       0                               0D0000408
     110     582       0       0       0       0       0       000010000D0000409
     110       0       0       1       0                               0D0000410
     100     583       0       0       0       0     413       000010000D0000411
     100       0       0       2       0                               0D0000412
     124     585       0       0       0       0       0       000000000D0000413
     124       0       0       2       0                               0D0000414
     110     587       0       0       0       0       0       000010000D0000415
     110       0       0       1       0                               0D0000416
     110     588       0       0       0       0       0       000010000D0000417
     110       0       0       1       0                               0D0000418
     110     589       0       0       0       0       0       000010000D0000419
     110       0       0       1       0                               0D0000420
     110     590       0       0       0       0       0       000010000D0000421
     110       0       0       1       0                               0D0000422
     110     591       0       0       0       0       0       000010000D0000423
     110       0       0       1       0                               0D0000424
     110     592       0       0       0       0       0       000010000D0000425
     110       0       0       1       0                               0D0000426
     110     593       0       0       0       0       0       000010000D0000427
     110       0       0       1       0                               0D0000428
     110     594       0       0       0       0       0       000010000D0000429
     110       0       0       1       0                               0D0000430
     110     595       0       0       0       0       0       000010000D0000431
     110       0       0       1       0                               0D0000432
     110     596       0       0       0       0       0       000010000D0000433
     110       0       0       1       0                               0D0000434
     110     597       0       0       0       0       0       000010000D0000435
     110       0       0       1       0                               0D0000436
     110     598       0       0       0       0       0       000010000D0000437
     110       0       0       1       0                               0D0000438
     110     599       0       0       0       0       0       000010000D0000439
     110       0       0       1       0                               0D0000440
     110     600       0       0       0       0       0       000010000D0000441
     110       0       0       1       0                               0D0000442
     110     601       0       0       0       0       0       000010000D0000443
     110       0       0       1       0                               0D0000444
     110     602       0       0       0       0       0       000010000D0000445
     110       0       0       1       0                               0D0000446
     110     603       0       0       0       0       0       000010000D0000447
     110       0       0       1       0                               0D0000448
     100     604       0       0       0       0     451       000010000D0000449
     100       0       0       1       0                               0D0000450
     124     605       0       0       0       0       0       000000000D0000451
     124       0       0       2       0                               0D0000452
     110     607       0       0       0       0       0       000010000D0000453
     110       0       0       1       0                               0D0000454
     100     608       0       0       0       0     457       000010000D0000455
     100       0       0       2       0                               0D0000456
     124     610       0       0       0       0       0       000000000D0000457
     124       0       0       2       0                               0D0000458
     110     612       0       0       0       0       0       000010000D0000459
     110       0       0       1       0                               0D0000460
     100     613       0       0       0       0     463       000010000D0000461
     100       0       0       2       0                               0D0000462
     124     615       0       0       0       0       0       000000000D0000463
     124       0       0       2       0                               0D0000464
     110     617       0       0       0       0       0       000010000D0000465
     110       0       0       1       0                               0D0000466
     100     618       0       0       0       0     469       000010000D0000467
     100       0       0       2       0                               0D0000468
     124     620       0       0       0       0       0       000000000D0000469
     124       0       0       2       0                               0D0000470
     110     622       0       0       0       0       0       000010000D0000471
     110       0       0       1       0                               0D0000472
     100     623       0       0       0       0     475       000010000D0000473
     100       0       0       2       0                               0D0000474
     124     625       0       0       0       0       0       000000000D0000475
     124       0       0       2       0                               0D0000476
     110     627       0       0       0       0       0       000010000D0000477
     110       0       0       1       0                               0D0000478
     100     628       0       0       0       0     481       000010000D0000479
     100       0       0       1       0                               0D0000480
     124     629       0       0       0       0       0       000000000D0000481
     124       0       0       2       0                               0D0000482
     110     631       0       0       0       0       0       000010000D0000483
     110       0       0       1       0                               0D0000484
     100     632       0       0       0       0     487       000010000D0000485
     100       0       0       2       0                               0D0000486
     124     634       0       0       0       0       0       000000000D0000487
     124       0       0       2       0                               0D0000488
     110     636       0       0       0       0       0       000010000D0000489
     110       0       0       1       0                               0D0000490
     100     637       0       0       0       0     493       000010000D0000491
     100       0       0       1       0                               0D0000492
     124     638       0       0       0       0       0       000000000D0000493
     124       0       0       2       0                               0D0000494
     110     640       0       0       0       0       0       000010000D0000495
     110       0       0       1       0                               0D0000496
     100     641       0       0       0       0     499       000010000D0000497
     100       0       0       1       0                               0D0000498
     124     642       0       0       0       0       0       000000000D0000499
     124       0       0       2       0                               0D0000500
     110     644       0       0       0       0       0       000010000D0000501
     110       0       0       1       0                               0D0000502
     100     645       0       0       0       0     505       000010000D0000503
     100       0       0       1       0                               0D0000504
     124     646       0       0       0       0       0       000000000D0000505
     124       0       0       2       0                               0D0000506
     110     648       0       0       0       0       0       000010000D0000507
     110       0       0       1       0                               0D0000508
     100     649       0       0       0       0     511       000010000D0000509
     100       0       0       2       0                               0D0000510
     124     651       0       0       0       0       0       000000000D0000511
     124       0       0       2       0                               0D0000512
     110     653       0       0       0       0       0       000010000D0000513
     110       0       0       1       0                               0D0000514
     100     654       0       0       0       0     517       000010000D0000515
     100       0       0       1       0                               0D0000516
     124     655       0       0       0       0       0       000000000D0000517
     124       0       0       2       0                               0D0000518
     110     657       0       0       0       0       0       000010000D0000519
     110       0       0       1       0                               0D0000520
     100     658       0       0       0       0     523       000010000D0000521
     100       0       0       2       0                               0D0000522
     124     660       0       0       0       0       0       000000000D0000523
     124       0       0       2       0                               0D0000524
     110     662       0       0       0       0       0       000010000D0000525
     110       0       0       1       0                               0D0000526
     100     663       0       0       0       0     529       000010000D0000527
     100       0       0       2       0                               0D0000528
     124     665       0       0       0       0       0       000000000D0000529
     124       0       0       2       0                               0D0000530
     110     667       0       0       0       0       0       000010000D0000531
     110       0       0       1       0                               0D0000532
     100     668       0       0       0       0     535       000010000D0000533
     100       0       0       1       0                               0D0000534
     124     669       0       0       0       0       0       000000000D0000535
     124       0       0       2       0                               0D0000536
     110     671       0       0       0       0       0       000010000D0000537
     110       0       0       1       0                               0D0000538
     100     672       0       0       0       0     541       000010000D0000539
     100       0       0       2       0                               0D0000540
     124     674       0       0       0       0       0       000000000D0000541
     124       0       0       2       0                               0D0000542
     110     676       0       0       0       0       0       000010000D0000543
     110       0       0       1       0                               0D0000544
     100     677       0       0       0       0     547       000010000D0000545
     100       0       0       2       0                               0D0000546
     124     679       0       0       0       0       0       000000000D0000547
     124       0       0       2       0                               0D0000548
     110     681       0       0       0       0       0       000010000D0000549
     110       0       0       1       0                               0D0000550
     100     682       0       0       0       0     553       000010000D0000551
     100       0       0       2       0                               0D0000552
     124     684       0       0       0       0       0       000000000D0000553
     124       0       0       2       0                               0D0000554
     110     686       0       0       0       0       0       000010000D0000555
     110       0       0       1       0                               0D0000556
     100     687       0       0       0       0     559       000010000D0000557
     100       0       0       2       0                               0D0000558
     124     689       0       0       0       0       0       000000000D0000559
     124       0       0       2       0                               0D0000560
     110     691       0       0       0       0       0       000010000D0000561
     110       0       0       1       0                               0D0000562
     100     692       0       0       0       0     565       000010000D0000563
     100       0       0       2       0                               0D0000564
     124     694       0       0       0       0       0       000000000D0000565
     124       0       0       2       0                               0D0000566
     110     696       0       0       0       0       0       000010000D0000567
     110       0       0       1       0                               0D0000568
     100     697       0       0       0       0     571       000010000D0000569
     100       0       0       1       0                               0D0000570
     124     698       0       0       0       0       0       000000000D0000571
     124       0       0       2       0                               0D0000572
     110     700       0       0       0       0       0       000010000D0000573
     110       0       0       1       0                               0D0000574
     100     701       0       0       0       0     577       000010000D0000575
     100       0       0       2       0                               0D0000576
     124     703       0       0       0       0       0       000000000D0000577
     124       0       0       2       0                               0D0000578
     110     705       0       0       0       0       0       000010000D0000579
     110       0       0       1       0                               0D0000580
     100     706       0       0       0       0     583       000010000D0000581
     100       0       0       1       0                               0D0000582
     124     707       0       0       0       0       0       000000000D0000583
     124       0       0       2       0                               0D0000584
     110     709       0       0       0       0       0       000010000D0000585
     110       0       0       1       0                               0D0000586
     100     710       0       0       0       0     589       000010000D0000587
     100       0       0       2       0                               0D0000588
     124     712       0       0       0       0       0       000000000D0000589
     124       0       0       2       0                               0D0000590
     110     714       0       0       0       0       0       000010000D0000591
     110       0       0       1       0                               0D0000592
     100     715       0       0       0       0     595       000010000D0000593
     100       0       0       1       0                               0D0000594
     124     716       0       0       0       0       0       000000000D0000595
     124       0       0       2       0                               0D0000596
     110     718       0       0       0       0       0       000010000D0000597
     110       0       0       1       0                               0D0000598
     100     719       0       0       0       0     601       000010000D0000599
     100       0       0       1       0                               0D0000600
     124     720       0       0       0       0       0       000000000D0000601
     124       0       0       2       0                               0D0000602
     110     722       0       0       0       0       0       000010000D0000603
     110       0       0       1       0                               0D0000604
     100     723       0       0       0       0     607       000010000D0000605
     100       0       0       1       0                               0D0000606
     124     724       0       0       0       0       0       000000000D0000607
     124       0       0       2       0                               0D0000608
     110     726       0       0       0       0       0       000010000D0000609
     110       0       0       1       0                               0D0000610
     100     727       0       0       0       0     613       000010000D0000611
     100       0       0       2       0                               0D0000612
     124     729       0       0       0       0       0       000000000D0000613
     124       0       0       2       0                               0D0000614
     110     731       0       0       0       0       0       000010000D0000615
     110       0       0       1       0                               0D0000616
     100     732       0       0       0       0     619       000010000D0000617
     100       0       0       1       0                               0D0000618
     124     733       0       0       0       0       0       000000000D0000619
     124       0       0       2       0                               0D0000620
     110     735       0       0       0       0       0       000010000D0000621
     110       0       0       1       0                               0D0000622
     100     736       0       0       0       0     625       000010000D0000623
     100       0       0       1       0                               0D0000624
     124     737       0       0       0       0       0       000000000D0000625
     124       0       0       2       0                               0D0000626
     110     739       0       0       0       0       0       000010000D0000627
     110       0       0       1       0                               0D0000628
     100     740       0       0       0       0     631       000010000D0000629
     100       0       0       2       0                               0D0000630
     124     742       0       0       0       0       0       000000000D0000631
     124       0       0       2       0                               0D0000632
     110     744       0       0       0       0       0       000010000D0000633
     110       0       0       1       0                               0D0000634
     100     745       0       0       0       0     637       000010000D0000635
     100       0       0       2       0                               0D0000636
     124     747       0       0       0       0       0       000000000D0000637
     124       0       0       2       0                               0D0000638
     110     749       0       0       0       0       0       000010000D0000639
     110       0       0       1       0                               0D0000640
     110     750       0       0       0       0       0       000010000D0000641
     110       0       0       1       0                               0D0000642
     110     751       0       0       0       0       0       000010000D0000643
     110       0       0       1       0                               0D0000644
     110     752       0       0       0       0       0       000010000D0000645
     110       0       0       1       0                               0D0000646
     110     753       0       0       0       0       0       000010000D0000647
     110       0       0       1       0                               0D0000648
     110     754       0       0       0       0       0       000010000D0000649
     110       0       0       1       0                               0D0000650
     110     755       0       0       0       0       0       000010000D0000651
     110       0       0       1       0                               0D0000652
     110     756       0       0       0       0       0       000010000D0000653
     110       0       0       1       0                               0D0000654
     110     757       0       0       0       0       0       000010000D0000655
     110       0       0       1       0                               0D0000656
     110     758       0       0       0       0       0       000010000D0000657
     110       0       0       1       0                               0D0000658
     110     759       0       0       0       0       0       000010000D0000659
     110       0       0       1       0                               0D0000660
     110     760       0       0       0       0       0       000010000D0000661
     110       0       0       1       0                               0D0000662
     110     761       0       0       0       0       0       000010000D0000663
     110       0       0       1       0                               0D0000664
     110     762       0       0       0       0       0       000010000D0000665
     110       0       0       1       0                               0D0000666
     110     763       0       0       0       0       0       000010000D0000667
     110       0       0       1       0                               0D0000668
     110     764       0       0       0       0       0       000010000D0000669
     110       0       0       1       0                               0D0000670
     110     765       0       0       0       0       0       000010000D0000671
     110       0       0       1       0                               0D0000672
     100     766       0       0       0       0     675       000010000D0000673
     100       0       0       1       0                               0D0000674
     124     767       0       0       0       0       0       000000000D0000675
     124       0       0       2       0                               0D0000676
     110     769       0       0       0       0       0       000010000D0000677
     110       0       0       1       0                               0D0000678
     100     770       0       0       0       0     681       000010000D0000679
     100       0       0       2       0                               0D0000680
     124     772       0       0       0       0       0       000000000D0000681
     124       0       0       2       0                               0D0000682
     110     774       0       0       0       0       0       000010000D0000683
     110       0       0       1       0                               0D0000684
     100     775       0       0       0       0     687       000010000D0000685
     100       0       0       1       0                               0D0000686
     124     776       0       0       0       0       0       000000000D0000687
     124       0       0       2       0                               0D0000688
     110     778       0       0       0       0       0       000010000D0000689
     110       0       0       1       0                               0D0000690
     100     779       0       0       0       0     693       000010000D0000691
     100       0       0       2       0                               0D0000692
     124     781       0       0       0       0       0       000000000D0000693
     124       0       0       2       0                               0D0000694
     110     783       0       0       0       0       0       000010000D0000695
     110       0       0       1       0                               0D0000696
     100     784       0       0       0       0     699       000010000D0000697
     100       0       0       2       0                               0D0000698
     124     786       0       0       0       0       0       000000000D0000699
     124       0       0       2       0                               0D0000700
     110     788       0       0       0       0       0       000010000D0000701
     110       0       0       1       0                               0D0000702
     100     789       0       0       0       0     705       000010000D0000703
     100       0       0       2       0                               0D0000704
     124     791       0       0       0       0       0       000000000D0000705
     124       0       0       2       0                               0D0000706
     110     793       0       0       0       0       0       000010000D0000707
     110       0       0       1       0                               0D0000708
     100     794       0       0       0       0     711       000010000D0000709
     100       0       0       2       0                               0D0000710
     124     796       0       0       0       0       0       000000000D0000711
     124       0       0       2       0                               0D0000712
     110     798       0       0       0       0       0       000010000D0000713
     110       0       0       1       0                               0D0000714
     100     799       0       0       0       0     717       000010000D0000715
     100       0       0       2       0                               0D0000716
     124     801       0       0       0       0       0       000000000D0000717
     124       0       0       2       0                               0D0000718
     110     803       0       0       0       0       0       000010000D0000719
     110       0       0       1       0                               0D0000720
     100     804       0       0       0       0     723       000010000D0000721
     100       0       0       1       0                               0D0000722
     124     805       0       0       0       0       0       000000000D0000723
     124       0       0       2       0                               0D0000724
     110     807       0       0       0       0       0       000010000D0000725
     110       0       0       1       0                               0D0000726
     100     808       0       0       0       0     729       000010000D0000727
     100       0       0       1       0                               0D0000728
     124     809       0       0       0       0       0       000000000D0000729
     124       0       0       2       0                               0D0000730
     110     811       0       0       0       0       0       000010000D0000731
     110       0       0       1       0                               0D0000732
     100     812       0       0       0       0     735       000010000D0000733
     100       0       0       1       0                               0D0000734
     124     813       0       0       0       0       0       000000000D0000735
     124       0       0       2       0                               0D0000736
     110     815       0       0       0       0       0       000010000D0000737
     110       0       0       1       0                               0D0000738
     100     816       0       0       0       0     741       000010000D0000739
     100       0       0       1       0                               0D0000740
     124     817       0       0       0       0       0       000000000D0000741
     124       0       0       2       0                               0D0000742
     110     819       0       0       0       0       0       000010000D0000743
     110       0       0       1       0                               0D0000744
     100     820       0       0       0       0     747       000010000D0000745
     100       0       0       1       0                               0D0000746
     124     821       0       0       0       0       0       000000000D0000747
     124       0       0       2       0                               0D0000748
     110     823       0       0       0       0       0       000010000D0000749
     110       0       0       1       0                               0D0000750
     100     824       0       0       0       0     753       000010000D0000751
     100       0       0       2       0                               0D0000752
     124     826       0       0       0       0       0       000000000D0000753
     124       0       0       2       0                               0D0000754
     110     828       0       0       0       0       0       000010000D0000755
     110       0       0       1       0                               0D0000756
     100     829       0       0       0       0     759       000010000D0000757
     100       0       0       1       0                               0D0000758
     124     830       0       0       0       0       0       000000000D0000759
     124       0       0       2       0                               0D0000760
     110     832       0       0       0       0       0       000010000D0000761
     110       0       0       1       0                               0D0000762
     100     833       0       0       0       0     765       000010000D0000763
     100       0       0       2       0                               0D0000764
     124     835       0       0       0       0       0       000000000D0000765
     124       0       0       2       0                               0D0000766
     110     837       0       0       0       0       0       000010000D0000767
     110       0       0       1       0                               0D0000768
     100     838       0       0       0       0     771       000010000D0000769
     100       0       0       1       0                               0D0000770
     124     839       0       0       0       0       0       000000000D0000771
     124       0       0       2       0                               0D0000772
     110     841       0       0       0       0       0       000010000D0000773
     110       0       0       1       0                               0D0000774
     100     842       0       0       0       0     777       000010000D0000775
     100       0       0       2       0                               0D0000776
     124     844       0       0       0       0       0       000000000D0000777
     124       0       0       2       0                               0D0000778
     110     846       0       0       0       0       0       000010000D0000779
     110       0       0       1       0                               0D0000780
     100     847       0       0       0       0     783       000010000D0000781
     100       0       0       1       0                               0D0000782
     124     848       0       0       0       0       0       000000000D0000783
     124       0       0       2       0                               0D0000784
     110     850       0       0       0       0       0       000010000D0000785
     110       0       0       1       0                               0D0000786
     100     851       0       0       0       0     789       000010000D0000787
     100       0       0       2       0                               0D0000788
     124     853       0       0       0       0       0       000000000D0000789
     124       0       0       2       0                               0D0000790
     110     855       0       0       0       0       0       000010000D0000791
     110       0       0       1       0                               0D0000792
     100     856       0       0       0       0     795       000010000D0000793
     100       0       0       1       0                               0D0000794
     124     857       0       0       0       0       0       000000000D0000795
     124       0       0       2       0                               0D0000796
     110     859       0       0       0       0       0       000010000D0000797
     110       0       0       1       0                               0D0000798
     100     860       0       0       0       0     801       000010000D0000799
     100       0       0       1       0                               0D0000800
     124     861       0       0       0       0       0       000000000D0000801
     124       0       0       2       0                               0D0000802
     100     863       0       0       0       0     805       000010000D0000803
     100       0       0       2       0                               0D0000804
     124     865       0       0       0       0       0       000000000D0000805
     124       0       0       2       0                               0D0000806
     110     867       0       0       0       0       0       000010000D0000807
     110       0       0       1       0                               0D0000808
     110     868       0       0       0       0       0       000010000D0000809
     110       0       0       1       0                               0D0000810
     110     869       0       0       0       0       0       000010000D0000811
     110       0       0       1       0                               0D0000812
     110     870       0       0       0       0       0       000010000D0000813
     110       0       0       1       0                               0D0000814
     100     871       0       0       0       0     817       000010000D0000815
     100       0       0       2       0                               0D0000816
     124     873       0       0       0       0       0       000000000D0000817
     124       0       0       2       0                               0D0000818
     100     875       0       0       0       0     821       000010000D0000819
     100       0       0       2       0                               0D0000820
     124     877       0       0       0       0       0       000000000D0000821
     124       0       0       2       0                               0D0000822
     100     879       0       0       0       0     825       000010000D0000823
     100       0       0       2       0                               0D0000824
     124     881       0       0       0       0       0       000000000D0000825
     124       0       0       2       0                               0D0000826
     100     883       0       0       0       0     829       000010000D0000827
     100       0       0       2       0                               0D0000828
     124     885       0       0       0       0       0       000000000D0000829
     124       0       0       2       0                               0D0000830
     100     887       0       0       0       0     833       000010000D0000831
     100       0       0       2       0                               0D0000832
     124     889       0       0       0       0       0       000000000D0000833
     124       0       0       2       0                               0D0000834
     100     891       0       0       0       0     837       000010000D0000835
     100       0       0       2       0                               0D0000836
     124     893       0       0       0       0       0       000000000D0000837
     124       0       0       2       0                               0D0000838
     100     895       0       0       0       0     841       000010000D0000839
     100       0       0       2       0                               0D0000840
     124     897       0       0       0       0       0       000000000D0000841
     124       0       0       2       0                               0D0000842
     100     899       0       0       0       0     845       000010000D0000843
     100       0       0       1       0                               0D0000844
     124     900       0       0       0       0       0       000000000D0000845
     124       0       0       2       0                               0D0000846
     100     902       0       0       0       0     849       000010000D0000847
     100       0       0       2       0                               0D0000848
     124     904       0       0       0       0       0       000000000D0000849
     124       0       0       2       0                               0D0000850
     100     906       0       0       0       0     853       000010000D0000851
     100       0       0       2       0                               0D0000852
     124     908       0       0       0       0       0       000000000D0000853
     124       0       0       2       0                               0D0000854
     100     910       0       0       0       0     857       000010000D0000855
     100       0       0       2       0                               0D0000856
     124     912       0       0       0       0       0       000000000D0000857
     124       0       0       2       0                               0D0000858
     100     914       0       0       0       0     861       000010000D0000859
     100       0       0       2       0                               0D0000860
     124     916       0       0       0       0       0       000000000D0000861
     124       0       0       2       0                               0D0000862
     110     918       0       0       0       0       0       000010000D0000863
     110       0       0       1       0                               0D0000864
     110     919       0       0       0       0       0       000010000D0000865
     110       0       0       1       0                               0D0000866
     100     920       0       0       0       0     869       000010000D0000867
     100       0       0       2       0                               0D0000868
     124     922       0       0       0       0       0       000000000D0000869
     124       0       0       2       0                               0D0000870
     100     924       0       0       0       0     873       000010000D0000871
     100       0       0       2       0                               0D0000872
     124     926       0       0       0       0       0       000000000D0000873
     124       0       0       2       0                               0D0000874
     100     928       0       0       0       0     877       000010000D0000875
     100       0       0       2       0                               0D0000876
     124     930       0       0       0       0       0       000000000D0000877
     124       0       0       2       0                               0D0000878
     100     932       0       0       0       0     881       000010000D0000879
     100       0       0       1       0                               0D0000880
     124     933       0       0       0       0       0       000000000D0000881
     124       0       0       2       0                               0D0000882
     100     935       0       0       0       0     885       000010000D0000883
     100       0       0       1       0                               0D0000884
     124     936       0       0       0       0       0       000000000D0000885
     124       0       0       2       0                               0D0000886
     100     938       0       0       0       0     889       000010000D0000887
     100       0       0       2       0                               0D0000888
     124     940       0       0       0       0       0       000000000D0000889
     124       0       0       2       0                               0D0000890
     100     942       0       0       0       0     893       000010000D0000891
     100       0       0       2       0                               0D0000892
     124     944       0       0       0       0       0       000000000D0000893
     124       0       0       2       0                               0D0000894
     100     946       0       0       0       0     897       000010000D0000895
     100       0       0       2       0                               0D0000896
     124     948       0       0       0       0       0       000000000D0000897
     124       0       0       2       0                               0D0000898
     100     950       0       0       0       0     901       000010000D0000899
     100       0       0       2       0                               0D0000900
     124     952       0       0       0       0       0       000000000D0000901
     124       0       0       2       0                               0D0000902
     100     954       0       0       0       0     905       000010000D0000903
     100       0       0       2       0                               0D0000904
     124     956       0       0       0       0       0       000000000D0000905
     124       0       0       2       0                               0D0000906
     100     958       0       0       0       0     909       000010000D0000907
     100       0       0       2       0                               0D0000908
     124     960       0       0       0       0       0       000000000D0000909
     124       0       0       2       0                               0D0000910
     100     962       0       0       0       0     913       000010000D0000911
     100       0       0       1       0                               0D0000912
     124     963       0       0       0       0       0       000000000D0000913
     124       0       0       2       0                               0D0000914
     100     965       0       0       0       0     917       000010000D0000915
     100       0       0       2       0                               0D0000916
     124     967       0       0       0       0       0       000000000D0000917
     124       0       0       2       0                               0D0000918
     100     969       0       0       0       0     921       000010000D0000919
     100       0       0       1       0                               0D0000920
     124     970       0       0       0       0       0       000000000D0000921
     124       0       0       2       0                               0D0000922
     100     972       0       0       0       0     925       000010000D0000923
     100       0       0       2       0                               0D0000924
     124     974       0       0       0       0       0       000000000D0000925
     124       0       0       2       0                               0D0000926
     100     976       0       0       0       0     929       000010000D0000927
     100       0       0       2       0                               0D0000928
     124     978       0       0       0       0       0       000000000D0000929
     124       0       0       2       0                               0D0000930
     100     980       0       0       0       0     933       000010000D0000931
     100       0       0       1       0                               0D0000932
     124     981       0       0       0       0       0       000000000D0000933
     124       0       0       2       0                               0D0000934
     110     983       0       0       0       0       0       000010000D0000935
     110       0       0       1       0                               0D0000936
     110     984       0       0       0       0       0       000010000D0000937
     110       0       0       1       0                               0D0000938
     110     985       0       0       0       0       0       000010000D0000939
     110       0       0       1       0                               0D0000940
     110     986       0       0       0       0       0       000010000D0000941
     110       0       0       1       0                               0D0000942
     100     987       0       0       0       0     945       000010000D0000943
     100       0       0       1       0                               0D0000944
     124     988       0       0       0       0       0       000000000D0000945
     124       0       0       2       0                               0D0000946
     100     990       0       0       0       0     949       000010000D0000947
     100       0       0       2       0                               0D0000948
     124     992       0       0       0       0       0       000000000D0000949
     124       0       0       2       0                               0D0000950
     100     994       0       0       0       0     953       000010000D0000951
     100       0       0       2       0                               0D0000952
     124     996       0       0       0       0       0       000000000D0000953
     124       0       0       2       0                               0D0000954
     100     998       0       0       0       0     957       000010000D0000955
     100       0       0       2       0                               0D0000956
     124    1000       0       0       0       0       0       000000000D0000957
     124       0       0       2       0                               0D0000958
     100    1002       0       0       0       0     961       000010000D0000959
     100       0       0       1       0                               0D0000960
     124    1003       0       0       0       0       0       000000000D0000961
     124       0       0       2       0                               0D0000962
     100    1005       0       0       0       0     965       000010000D0000963
     100       0       0       2       0                               0D0000964
     124    1007       0       0       0       0       0       000000000D0000965
     124       0       0       2       0                               0D0000966
     100    1009       0       0       0       0     969       000010000D0000967
     100       0       0       2       0                               0D0000968
     124    1011       0       0       0       0       0       000000000D0000969
     124       0       0       2       0                               0D0000970
     100    1013       0       0       0       0     973       000010000D0000971
     100       0       0       1       0                               0D0000972
     124    1014       0       0       0       0       0       000000000D0000973
     124       0       0       2       0                               0D0000974
     100    1016       0       0       0       0     977       000010000D0000975
     100       0       0       2       0                               0D0000976
     124    1018       0       0       0       0       0       000000000D0000977
     124       0       0       2       0                               0D0000978
     100    1020       0       0       0       0     981       000010000D0000979
     100       0       0       2       0                               0D0000980
     124    1022       0       0       0       0       0       000000000D0000981
     124       0       0       2       0                               0D0000982
     100    1024       0       0       0       0     985       000010000D0000983
     100       0       0       1       0                               0D0000984
     124    1025       0       0       0       0       0       000000000D0000985
     124       0       0       2       0                               0D0000986
     100    1027       0       0       0       0     989       000010000D0000987
     100       0       0       1       0                               0D0000988
     124    1028       0       0       0       0       0       000000000D0000989
     124       0       0       2       0                               0D0000990
     100    1030       0       0       0       0     993       000010000D0000991
     100       0       0       1       0                               0D0000992
     124    1031       0       0       0       0       0       000000000D0000993
     124       0       0       2       0                               0D0000994
     100    1033       0       0       0       0     997       000010000D0000995
     100       0       0       1       0                               0D0000996
     124    1034       0       0       0       0       0       000000000D0000997
     124       0       0       2       0                               0D0000998
     100    1036       0       0       0       0    1001       000010000D0000999
     100       0       0       1       0                               0D0001000
     124    1037       0       0       0       0       0       000000000D0001001
     124       0       0       2       0                               0D0001002
     100    1039       0       0       0       0    1005       000010000D0001003
     100       0       0       2       0                               0D0001004
     124    1041       0       0       0       0       0       000000000D0001005
     124       0       0       2       0                               0D0001006
     110    1043       0       0       0       0       0       000010000D0001007
     110       0       0       1       0                               0D0001008
     110    1044       0       0       0       0       0       000010000D0001009
     110       0       0       1       0                               0D0001010
     110    1045       0       0       0       0       0       000010000D0001011
     110       0       0       1       0                               0D0001012
     110    1046       0       0       0       0       0       000010000D0001013
     110       0       0       1       0                               0D0001014
     100    1047       0       0       0       0    1017       000010000D0001015
     100       0       0       1       0                               0D0001016
     124    1048       0       0       0       0       0       000000000D0001017
     124       0       0       2       0                               0D0001018
     100    1050       0       0       0       0    1021       000010000D0001019
     100       0       0       1       0                               0D0001020
     124    1051       0       0       0       0       0       000000000D0001021
     124       0       0       2       0                               0D0001022
     100    1053       0       0       0       0    1025       000010000D0001023
     100       0       0       2       0                               0D0001024
     124    1055       0       0       0       0       0       000000000D0001025
     124       0       0       2       0                               0D0001026
     100    1057       0       0       0       0    1029       000010000D0001027
     100       0       0       2       0                               0D0001028
     124    1059       0       0       0       0       0       000000000D0001029
     124       0       0       2       0                               0D0001030
     100    1061       0       0       0       0    1033       000010000D0001031
     100       0       0       1       0                               0D0001032
     124    1062       0       0       0       0       0       000000000D0001033
     124       0       0       2       0                               0D0001034
     100    1064       0       0       0       0    1037       000010000D0001035
     100       0       0       1       0                               0D0001036
     124    1065       0       0       0       0       0       000000000D0001037
     124       0       0       2       0                               0D0001038
     100    1067       0       0       0       0    1041       000010000D0001039
     100       0       0       1       0                               0D0001040
     124    1068       0       0       0       0       0       000000000D0001041
     124       0       0       2       0                               0D0001042
     100    1070       0       0       0       0    1045       000010000D0001043
     100       0       0       1       0                               0D0001044
     124    1071       0       0       0       0       0       000000000D0001045
     124       0       0       2       0                               0D0001046
     100    1073       0       0       0       0    1049       000010000D0001047
     100       0       0       1       0                               0D0001048
     124    1074       0       0       0       0       0       000000000D0001049
     124       0       0       2       0                               0D0001050
     100    1076       0       0       0       0    1053       000010000D0001051
     100       0       0       1       0                               0D0001052
     124    1077       0       0       0       0       0       000000000D0001053
     124       0       0       2       0                               0D0001054
     110    1079       0       0       0       0       0       000010000D0001055
     110       0       0       1       0                               0D0001056
     100    1080       0       0       0       0    1059       000010000D0001057
     100       0       0       2       0                               0D0001058
     124    1082       0       0       0       0       0       000000000D0001059
     124       0       0       2       0                               0D0001060
     100    1084       0       0       0       0    1063       000010000D0001061
     100       0       0       1       0                               0D0001062
     124    1085       0       0       0       0       0       000000000D0001063
     124       0       0       2       0                               0D0001064
     100    1087       0       0       0       0    1067       000010000D0001065
     100       0       0       2       0                               0D0001066
     124    1089       0       0       0       0       0       000000000D0001067
     124       0       0       2       0                               0D0001068
     100    1091       0       0       0       0    1071       000010000D0001069
     100       0       0       2       0                               0D0001070
     124    1093       0       0       0       0       0       000000000D0001071
     124       0       0       2       0                               0D0001072
     100    1095       0       0       0       0    1075       000010000D0001073
     100       0       0       2       0                               0D0001074
     124    1097       0       0       0       0       0       000000000D0001075
     124       0       0       2       0                               0D0001076
     100    1099       0       0       0       0    1079       000010000D0001077
     100       0       0       2       0                               0D0001078
     124    1101       0       0       0       0       0       000000000D0001079
     124       0       0       2       0                               0D0001080
     100    1103       0       0       0       0    1083       000010000D0001081
     100       0       0       1       0                               0D0001082
     124    1104       0       0       0       0       0       000000000D0001083
     124       0       0       2       0                               0D0001084
     100    1106       0       0       0       0    1087       000010000D0001085
     100       0       0       2       0                               0D0001086
     124    1108       0       0       0       0       0       000000000D0001087
     124       0       0       2       0                               0D0001088
     100    1110       0       0       0       0    1091       000010000D0001089
     100       0       0       1       0                               0D0001090
     124    1111       0       0       0       0       0       000000000D0001091
     124       0       0       2       0                               0D0001092
     100    1113       0       0       0       0    1095       000010000D0001093
     100       0       0       2       0                               0D0001094
     124    1115       0       0       0       0       0       000000000D0001095
     124       0       0       2       0                               0D0001096
     100    1117       0       0       0       0    1099       000010000D0001097
     100       0       0       2       0                               0D0001098
     124    1119       0       0       0       0       0       000000000D0001099
     124       0       0       2       0                               0D0001100
     100    1121       0       0       0       0    1103       000010000D0001101
     100       0       0       2       0                               0D0001102
     124    1123       0       0       0       0       0       000000000D0001103
     124       0       0       2       0                               0D0001104
     110    1125       0       0       0       0       0       000010000D0001105
     110       0       0       1       0                               0D0001106
     110    1126       0       0       0       0       0       000010000D0001107
     110       0       0       1       0                               0D0001108
     100    1127       0       0       0       0    1111       000010000D0001109
     100       0       0       2       0                               0D0001110
     124    1129       0       0       0       0       0       000000000D0001111
     124       0       0       2       0                               0D0001112
     100    1131       0       0       0       0    1115       000010000D0001113
     100       0       0       2       0                               0D0001114
     124    1133       0       0       0       0       0       000000000D0001115
     124       0       0       2       0                               0D0001116
     100    1135       0       0       0       0    1119       000010000D0001117
     100       0       0       2       0                               0D0001118
     124    1137       0       0       0       0       0       000000000D0001119
     124       0       0       2       0                               0D0001120
     100    1139       0       0       0       0    1123       000010000D0001121
     100       0       0       1       0                               0D0001122
     124    1140       0       0       0       0       0       000000000D0001123
     124       0       0       2       0                               0D0001124
     100    1142       0       0       0       0    1127       000010000D0001125
     100       0       0       1       0                               0D0001126
     124    1143       0       0       0       0       0       000000000D0001127
     124       0       0       2       0                               0D0001128
     100    1145       0       0       0       0    1131       000010000D0001129
     100       0       0       2       0                               0D0001130
     124    1147       0       0       0       0       0       000000000D0001131
     124       0       0       2       0                               0D0001132
     100    1149       0       0       0       0    1135       000010000D0001133
     100       0       0       1       0                               0D0001134
     124    1150       0       0       0       0       0       000000000D0001135
     124       0       0       2       0                               0D0001136
     100    1152       0       0       0       0    1139       000010000D0001137
     100       0       0       2       0                               0D0001138
     124    1154       0       0       0       0       0       000000000D0001139
     124       0       0       2       0                               0D0001140
     100    1156       0       0       0       0    1143       000010000D0001141
     100       0       0       1       0                               0D0001142
     124    1157       0       0       0       0       0       000000000D0001143
     124       0       0       2       0                               0D0001144
     100    1159       0       0       0       0    1147       000010000D0001145
     100       0       0       2       0                               0D0001146
     124    1161       0       0       0       0       0       000000000D0001147
     124       0       0       2       0                               0D0001148
     100    1163       0       0       0       0    1151       000010000D0001149
     100       0       0       1       0                               0D0001150
     124    1164       0       0       0       0       0       000000000D0001151
     124       0       0       2       0                               0D0001152
     100    1166       0       0       0       0    1155       000010000D0001153
     100       0       0       1       0                               0D0001154
     124    1167       0       0       0       0       0       000000000D0001155
     124       0       0       2       0                               0D0001156
     110    1169       0       0       0       0       0       000010000D0001157
     110       0       0       1       0                               0D0001158
     110    1170       0       0       0       0       0       000010000D0001159
     110       0       0       1       0                               0D0001160
     110    1171       0       0       0       0       0       000010000D0001161
     110       0       0       1       0                               0D0001162
     100    1172       0       0       0       0    1165       000010000D0001163
     100       0       0       2       0                               0D0001164
     124    1174       0       0       0       0       0       000000000D0001165
     124       0       0       2       0                               0D0001166
     100    1176       0       0       0       0    1169       000010000D0001167
     100       0       0       1       0                               0D0001168
     124    1177       0       0       0       0       0       000000000D0001169
     124       0       0       2       0                               0D0001170
     100    1179       0       0       0       0    1173       000010000D0001171
     100       0       0       2       0                               0D0001172
     124    1181       0       0       0       0       0       000000000D0001173
     124       0       0       2       0                               0D0001174
     100    1183       0       0       0       0    1177       000010000D0001175
     100       0       0       2       0                               0D0001176
     124    1185       0       0       0       0       0       000000000D0001177
     124       0       0       2       0                               0D0001178
     100    1187       0       0       0       0    1181       000010000D0001179
     100       0       0       2       0                               0D0001180
     124    1189       0       0       0       0       0       000000000D0001181
     124       0       0       2       0                               0D0001182
     100    1191       0       0       0       0    1185       000010000D0001183
     100       0       0       2       0                               0D0001184
     124    1193       0       0       0       0       0       000000000D0001185
     124       0       0       2       0                               0D0001186
     100    1195       0       0       0       0    1189       000010000D0001187
     100       0       0       1       0                               0D0001188
     124    1196       0       0       0       0       0       000000000D0001189
     124       0       0       2       0                               0D0001190
     100    1198       0       0       0       0    1193       000010000D0001191
     100       0       0       1       0                               0D0001192
     124    1199       0       0       0       0       0       000000000D0001193
     124       0       0       2       0                               0D0001194
     100    1201       0       0       0       0    1197       000010000D0001195
     100       0       0       2       0                               0D0001196
     124    1203       0       0       0       0       0       000000000D0001197
     124       0       0       2       0                               0D0001198
     100    1205       0       0       0       0    1201       000010000D0001199
     100       0       0       2       0                               0D0001200
     124    1207       0       0       0       0       0       000000000D0001201
     124       0       0       2       0                               0D0001202
     100    1209       0       0       0       0    1205       000010000D0001203
     100       0       0       2       0                               0D0001204
     124    1211       0       0       0       0       0       000000000D0001205
     124       0       0       2       0                               0D0001206
     100    1213       0       0       0       0    1209       000010000D0001207
     100       0       0       2       0                               0D0001208
     124    1215       0       0       0       0       0       000000000D0001209
     124       0       0       2       0                               0D0001210
     110    1217       0       0       0       0       0       000010000D0001211
     110       0       0       1       0                               0D0001212
     110    1218       0       0       0       0       0       000010000D0001213
     110       0       0       1       0                               0D0001214
     110    1219       0       0       0       0       0       000010000D0001215
     110       0       0       1       0                               0D0001216
     110    1220       0       0       0       0       0       000010000D0001217
     110       0       0       1       0                               0D0001218
     100    1221       0       0       0       0    1221       000010000D0001219
     100       0       0       2       0                               0D0001220
     124    1223       0       0       0       0       0       000000000D0001221
     124       0       0       2       0                               0D0001222
     100    1225       0       0       0       0    1225       000010000D0001223
     100       0       0       1       0                               0D0001224
     124    1226       0       0       0       0       0       000000000D0001225
     124       0       0       2       0                               0D0001226
     100    1228       0       0       0       0    1229       000010000D0001227
     100       0       0       2       0                               0D0001228
     124    1230       0       0       0       0       0       000000000D0001229
     124       0       0       2       0                               0D0001230
     100    1232       0       0       0       0    1233       000010000D0001231
     100       0       0       1       0                               0D0001232
     124    1233       0       0       0       0       0       000000000D0001233
     124       0       0       2       0                               0D0001234
     100    1235       0       0       0       0    1237       000010000D0001235
     100       0       0       2       0                               0D0001236
     124    1237       0       0       0       0       0       000000000D0001237
     124       0       0       2       0                               0D0001238
     100    1239       0       0       0       0    1241       000010000D0001239
     100       0       0       2       0                               0D0001240
     124    1241       0       0       0       0       0       000000000D0001241
     124       0       0       2       0                               0D0001242
     100    1243       0       0       0       0    1245       000010000D0001243
     100       0       0       2       0                               0D0001244
     124    1245       0       0       0       0       0       000000000D0001245
     124       0       0       2       0                               0D0001246
     100    1247       0       0       0       0    1249       000010000D0001247
     100       0       0       2       0                               0D0001248
     124    1249       0       0       0       0       0       000000000D0001249
     124       0       0       2       0                               0D0001250
     100    1251       0       0       0       0    1253       000010000D0001251
     100       0       0       2       0                               0D0001252
     124    1253       0       0       0       0       0       000000000D0001253
     124       0       0       2       0                               0D0001254
     100    1255       0       0       0       0    1257       000010000D0001255
     100       0       0       2       0                               0D0001256
     124    1257       0       0       0       0       0       000000000D0001257
     124       0       0       2       0                               0D0001258
     100    1259       0       0       0       0    1261       000010000D0001259
     100       0       0       1       0                               0D0001260
     124    1260       0       0       0       0       0       000000000D0001261
     124       0       0       2       0                               0D0001262
     100    1262       0       0       0       0    1265       000010000D0001263
     100       0       0       1       0                               0D0001264
     124    1263       0       0       0       0       0       000000000D0001265
     124       0       0       2       0                               0D0001266
     100    1265       0       0       0       0    1269       000010000D0001267
     100       0       0       1       0                               0D0001268
     124    1266       0       0       0       0       0       000000000D0001269
     124       0       0       2       0                               0D0001270
     100    1268       0       0       0       0    1273       000010000D0001271
     100       0       0       1       0                               0D0001272
     124    1269       0       0       0       0       0       000000000D0001273
     124       0       0       2       0                               0D0001274
     100    1271       0       0       0       0    1277       000010000D0001275
     100       0       0       2       0                               0D0001276
     124    1273       0       0       0       0       0       000000000D0001277
     124       0       0       2       0                               0D0001278
     100    1275       0       0       0       0    1281       000010000D0001279
     100       0       0       2       0                               0D0001280
     124    1277       0       0       0       0       0       000000000D0001281
     124       0       0       2       0                               0D0001282
     110    1279       0       0       0       0       0       000010000D0001283
     110       0       0       1       0                               0D0001284
     110    1280       0       0       0       0       0       000010000D0001285
     110       0       0       1       0                               0D0001286
     110    1281       0       0       0       0       0       000010000D0001287
     110       0       0       1       0                               0D0001288
     110    1282       0       0       0       0       0       000010000D0001289
     110       0       0       1       0                               0D0001290
     100    1283       0       0       0       0    1293       000010000D0001291
     100       0       0       2       0                               0D0001292
     124    1285       0       0       0       0       0       000000000D0001293
     124       0       0       2       0                               0D0001294
     100    1287       0       0       0       0    1297       000010000D0001295
     100       0       0       2       0                               0D0001296
     124    1289       0       0       0       0       0       000000000D0001297
     124       0       0       2       0                               0D0001298
     100    1291       0       0       0       0    1301       000010000D0001299
     100       0       0       2       0                               0D0001300
     124    1293       0       0       0       0       0       000000000D0001301
     124       0       0       2       0                               0D0001302
     100    1295       0       0       0       0    1305       000010000D0001303
     100       0       0       1       0                               0D0001304
     124    1296       0       0       0       0       0       000000000D0001305
     124       0       0       2       0                               0D0001306
     510    1298       0       0       0       0       0       000010000D0001307
     510       0       0       1       1                               0D0001308
     190    1299       0       0       0       0       0       000010000D0001309
     190       0       0       1       1                               0D0001310
     116    1300       0       0       0       0       0       000010400D0001311
     116       0       0       1       0                               0D0001312
     123    1301       0       0       0       0       0       000010200D0001313
     123       0       0       1       0                               0D0001314
     123    1302       0       0       0       0       0       000010200D0001315
     123       0       0       1       0                               0D0001316
     508    1303       0       0       0       0       0       000010000D0001317
     508       0       0       1       1                               0D0001318
     510    1304       0       0       0       0       0       000010000D0001319
     510       0       0       1       1                               0D0001320
     190    1305       0       0       0       0       0       000010000D0001321
     190       0       0       1       1                               0D0001322
     116    1306       0       0       0       0       0       000010400D0001323
     116       0       0       1       0                               0D0001324
     123    1307       0       0       0       0       0       000010200D0001325
     123       0       0       1       0                               0D0001326
     123    1308       0       0       0       0       0       000010200D0001327
     123       0       0       1       0                               0D0001328
     508    1309       0       0       0       0       0       000010000D0001329
     508       0       0       1       1                               0D0001330
     510    1310       0       0       0       0       0       000010000D0001331
     510       0       0       1       1                               0D0001332
     190    1311       0       0       0       0       0       000010000D0001333
     190       0       0       1       1                               0D0001334
     116    1312       0       0       0       0       0       000010400D0001335
     116       0       0       1       0                               0D0001336
     123    1313       0       0       0       0       0       000010200D0001337
     123       0       0       1       0                               0D0001338
     123    1314       0       0       0       0       0       000010200D0001339
     123       0       0       1       0                               0D0001340
     508    1315       0       0       0       0       0       000010000D0001341
     508       0       0       1       1                               0D0001342
     510    1316       0       0       0       0       0       000010000D0001343
     510       0       0       1       1                               0D0001344
     120    1317       0       0       0       0       0       000010000D0001345
     120       0       0       1       0                               0D0001346
     110    1318       0       0       0       0       0       000010000D0001347
     110       0       0       1       0                               0D0001348
     110    1319       0       0       0       0       0       000010000D0001349
     110       0       0       2       0                               0D0001350
     508    1321       0       0       0       0       0       000010000D0001351
     508       0       0       2       1                               0D0001352
     110    1323       0       0       0       0       0       000010000D0001353
     110       0       0       2       0                               0D0001354
     110    1325       0       0       0       0       0       000010000D0001355
     110       0       0       1       0                               0D0001356
     110    1326       0       0       0       0       0       000010000D0001357
     110       0       0       1       0                               0D0001358
     110    1327       0       0       0       0       0       000010000D0001359
     110       0       0       1       0                               0D0001360
     510    1328       0       0       0       0       0       000010000D0001361
     510       0       0       1       1                               0D0001362
     120    1329       0       0       0       0       0       000010000D0001363
     120       0       0       1       0                               0D0001364
     110    1330       0       0       0       0       0       000010000D0001365
     110       0       0       2       0                               0D0001366
     110    1332       0       0       0       0       0       000010000D0001367
     110       0       0       2       0                               0D0001368
     508    1334       0       0       0       0       0       000010000D0001369
     508       0       0       2       1                               0D0001370
     110    1336       0       0       0       0       0       000010000D0001371
     110       0       0       1       0                               0D0001372
     110    1337       0       0       0       0       0       000010000D0001373
     110       0       0       1       0                               0D0001374
     110    1338       0       0       0       0       0       000010000D0001375
     110       0       0       1       0                               0D0001376
     110    1339       0       0       0       0       0       000010000D0001377
     110       0       0       2       0                               0D0001378
     510    1341       0       0       0       0       0       000010000D0001379
     510       0       0       1       1                               0D0001380
     120    1342       0       0       0       0       0       000010000D0001381
     120       0       0       1       0                               0D0001382
     110    1343       0       0       0       0       0       000010000D0001383
     110       0       0       2       0                               0D0001384
     110    1345       0       0       0       0       0       000010000D0001385
     110       0       0       2       0                               0D0001386
     508    1347       0       0       0       0       0       000010000D0001387
     508       0       0       2       1                               0D0001388
     110    1349       0       0       0       0       0       000010000D0001389
     110       0       0       1       0                               0D0001390
     110    1350       0       0       0       0       0       000010000D0001391
     110       0       0       1       0                               0D0001392
     110    1351       0       0       0       0       0       000010000D0001393
     110       0       0       2       0                               0D0001394
     110    1353       0       0       0       0       0       000010000D0001395
     110       0       0       1       0                               0D0001396
     510    1354       0       0       0       0       0       000010000D0001397
     510       0       0       1       1                               0D0001398
     120    1355       0       0       0       0       0       000010000D0001399
     120       0       0       1       0                               0D0001400
     110    1356       0       0       0       0       0       000010000D0001401
     110       0       0       2       0                               0D0001402
     110    1358       0       0       0       0       0       000010000D0001403
     110       0       0       2       0                               0D0001404
     508    1360       0       0       0       0       0       000010000D0001405
     508       0       0       2       1                               0D0001406
     110    1362       0       0       0       0       0       000010000D0001407
     110       0       0       1       0                               0D0001408
     110    1363       0       0       0       0       0       000010000D0001409
     110       0       0       1       0                               0D0001410
     110    1364       0       0       0       0       0       000010000D0001411
     110       0       0       1       0                               0D0001412
     110    1365       0       0       0       0       0       000010000D0001413
     110       0       0       2       0                               0D0001414
     510    1367       0       0       0       0       0       000010000D0001415
     510       0       0       1       1                               0D0001416
     120    1368       0       0       0       0       0       000010000D0001417
     120       0       0       1       0                               0D0001418
     110    1369       0       0       0       0       0       000010000D0001419
     110       0       0       2       0                               0D0001420
     110    1371       0       0       0       0       0       000010000D0001421
     110       0       0       2       0                               0D0001422
     508    1373       0       0       0       0       0       000010000D0001423
     508       0       0       2       1                               0D0001424
     110    1375       0       0       0       0       0       000010000D0001425
     110       0       0       1       0                               0D0001426
     110    1376       0       0       0       0       0       000010000D0001427
     110       0       0       2       0                               0D0001428
     110    1378       0       0       0       0       0       000010000D0001429
     110       0       0       1       0                               0D0001430
     110    1379       0       0       0       0       0       000010000D0001431
     110       0       0       1       0                               0D0001432
     510    1380       0       0       0       0       0       000010000D0001433
     510       0       0       1       1                               0D0001434
     120    1381       0       0       0       0       0       000010000D0001435
     120       0       0       1       0                               0D0001436
     110    1382       0       0       0       0       0       000010000D0001437
     110       0       0       2       0                               0D0001438
     110    1384       0       0       0       0       0       000010000D0001439
     110       0       0       2       0                               0D0001440
     508    1386       0       0       0       0       0       000010000D0001441
     508       0       0       2       1                               0D0001442
     110    1388       0       0       0       0       0       000010000D0001443
     110       0       0       1       0                               0D0001444
     110    1389       0       0       0       0       0       000010000D0001445
     110       0       0       1       0                               0D0001446
     110    1390       0       0       0       0       0       000010000D0001447
     110       0       0       1       0                               0D0001448
     110    1391       0       0       0       0       0       000010000D0001449
     110       0       0       2       0                               0D0001450
     510    1393       0       0       0       0       0       000010000D0001451
     510       0       0       1       1                               0D0001452
     120    1394       0       0       0       0       0       000010000D0001453
     120       0       0       1       0                               0D0001454
     110    1395       0       0       0       0       0       000010000D0001455
     110       0       0       2       0                               0D0001456
     110    1397       0       0       0       0       0       000010000D0001457
     110       0       0       2       0                               0D0001458
     508    1399       0       0       0       0       0       000010000D0001459
     508       0       0       2       1                               0D0001460
     110    1401       0       0       0       0       0       000010000D0001461
     110       0       0       1       0                               0D0001462
     110    1402       0       0       0       0       0       000010000D0001463
     110       0       0       2       0                               0D0001464
     110    1404       0       0       0       0       0       000010000D0001465
     110       0       0       1       0                               0D0001466
     110    1405       0       0       0       0       0       000010000D0001467
     110       0       0       1       0                               0D0001468
     510    1406       0       0       0       0       0       000010000D0001469
     510       0       0       1       1                               0D0001470
     120    1407       0       0       0       0       0       000010000D0001471
     120       0       0       1       0                               0D0001472
     110    1408       0       0       0       0       0       000010000D0001473
     110       0       0       1       0                               0D0001474
     110    1409       0       0       0       0       0       000010000D0001475
     110       0       0       2       0                               0D0001476
     508    1411       0       0       0       0       0       000010000D0001477
     508       0       0       2       1                               0D0001478
     110    1413       0       0       0       0       0       000010000D0001479
     110       0       0       2       0                               0D0001480
     110    1415       0       0       0       0       0       000010000D0001481
     110       0       0       1       0                               0D0001482
     110    1416       0       0       0       0       0       000010000D0001483
     110       0       0       1       0                               0D0001484
     110    1417       0       0       0       0       0       000010000D0001485
     110       0       0       1       0                               0D0001486
     510    1418       0       0       0       0       0       000010000D0001487
     510       0       0       1       1                               0D0001488
     120    1419       0       0       0       0       0       000010000D0001489
     120       0       0       1       0                               0D0001490
     110    1420       0       0       0       0       0       000010000D0001491
     110       0       0       1       0                               0D0001492
     110    1421       0       0       0       0       0       000010000D0001493
     110       0       0       2       0                               0D0001494
     508    1423       0       0       0       0       0       000010000D0001495
     508       0       0       2       1                               0D0001496
     110    1425       0       0       0       0       0       000010000D0001497
     110       0       0       2       0                               0D0001498
     110    1427       0       0       0       0       0       000010000D0001499
     110       0       0       1       0                               0D0001500
     110    1428       0       0       0       0       0       000010000D0001501
     110       0       0       1       0                               0D0001502
     110    1429       0       0       0       0       0       000010000D0001503
     110       0       0       1       0                               0D0001504
     510    1430       0       0       0       0       0       000010000D0001505
     510       0       0       1       1                               0D0001506
     120    1431       0       0       0       0       0       000010000D0001507
     120       0       0       1       0                               0D0001508
     110    1432       0       0       0       0       0       000010000D0001509
     110       0       0       2       0                               0D0001510
     110    1434       0       0       0       0       0       000010000D0001511
     110       0       0       2       0                               0D0001512
     508    1436       0       0       0       0       0       000010000D0001513
     508       0       0       2       1                               0D0001514
     110    1438       0       0       0       0       0       000010000D0001515
     110       0       0       2       0                               0D0001516
     110    1440       0       0       0       0       0       000010000D0001517
     110       0       0       1       0                               0D0001518
     110    1441       0       0       0       0       0       000010000D0001519
     110       0       0       1       0                               0D0001520
     110    1442       0       0       0       0       0       000010000D0001521
     110       0       0       1       0                               0D0001522
     510    1443       0       0       0       0       0       000010000D0001523
     510       0       0       1       1                               0D0001524
     120    1444       0       0       0       0       0       000010000D0001525
     120       0       0       1       0                               0D0001526
     110    1445       0       0       0       0       0       000010000D0001527
     110       0       0       1       0                               0D0001528
     110    1446       0       0       0       0       0       000010000D0001529
     110       0       0       2       0                               0D0001530
     508    1448       0       0       0       0       0       000010000D0001531
     508       0       0       2       1                               0D0001532
     110    1450       0       0       0       0       0       000010000D0001533
     110       0       0       2       0                               0D0001534
     110    1452       0       0       0       0       0       000010000D0001535
     110       0       0       1       0                               0D0001536
     110    1453       0       0       0       0       0       000010000D0001537
     110       0       0       1       0                               0D0001538
     110    1454       0       0       0       0       0       000010000D0001539
     110       0       0       1       0                               0D0001540
     510    1455       0       0       0       0       0       000010000D0001541
     510       0       0       1       1                               0D0001542
     120    1456       0       0       0       0       0       000010000D0001543
     120       0       0       1       0                               0D0001544
     110    1457       0       0       0       0       0       000010000D0001545
     110       0       0       2       0                               0D0001546
     110    1459       0       0       0       0       0       000010000D0001547
     110       0       0       1       0                               0D0001548
     508    1460       0       0       0       0       0       000010000D0001549
     508       0       0       2       1                               0D0001550
     110    1462       0       0       0       0       0       000010000D0001551
     110       0       0       2       0                               0D0001552
     110    1464       0       0       0       0       0       000010000D0001553
     110       0       0       1       0                               0D0001554
     110    1465       0       0       0       0       0       000010000D0001555
     110       0       0       1       0                               0D0001556
     110    1466       0       0       0       0       0       000010000D0001557
     110       0       0       1       0                               0D0001558
     510    1467       0       0       0       0       0       000010000D0001559
     510       0       0       1       1                               0D0001560
     190    1468       0       0       0       0       0       000010000D0001561
     190       0       0       1       1                               0D0001562
     116    1469       0       0       0       0       0       000010400D0001563
     116       0       0       1       0                               0D0001564
     123    1470       0       0       0       0       0       000010200D0001565
     123       0       0       1       0                               0D0001566
     123    1471       0       0       0       0       0       000010200D0001567
     123       0       0       1       0                               0D0001568
     508    1472       0       0       0       0       0       000010000D0001569
     508       0       0       1       1                               0D0001570
     510    1473       0       0       0       0       0       000010000D0001571
     510       0       0       1       1                               0D0001572
     190    1474       0       0       0       0       0       000010000D0001573
     190       0       0       1       1                               0D0001574
     116    1475       0       0       0       0       0       000010400D0001575
     116       0       0       1       0                               0D0001576
     123    1476       0       0       0       0       0       000010200D0001577
     123       0       0       1       0                               0D0001578
     123    1477       0       0       0       0       0       000010200D0001579
     123       0       0       1       0                               0D0001580
     508    1478       0       0       0       0       0       000010000D0001581
     508       0       0       1       1                               0D0001582
     510    1479       0       0       0       0       0       000010000D0001583
     510       0       0       1       1                               0D0001584
     120    1480       0       0       0       0       0       000010000D0001585
     120       0       0       1       0                               0D0001586
     110    1481       0       0       0       0       0       000010000D0001587
     110       0       0       2       0                               0D0001588
     110    1483       0       0       0       0       0       000010000D0001589
     110       0       0       2       0                               0D0001590
     508    1485       0       0       0       0       0       000010000D0001591
     508       0       0       2       1                               0D0001592
     110    1487       0       0       0       0       0       000010000D0001593
     110       0       0       2       0                               0D0001594
     110    1489       0       0       0       0       0       000010000D0001595
     110       0       0       1       0                               0D0001596
     110    1490       0       0       0       0       0       000010000D0001597
     110       0       0       1       0                               0D0001598
     110    1491       0       0       0       0       0       000010000D0001599
     110       0       0       1       0                               0D0001600
     510    1492       0       0       0       0       0       000010000D0001601
     510       0       0       1       1                               0D0001602
     120    1493       0       0       0       0       0       000010000D0001603
     120       0       0       1       0                               0D0001604
     110    1494       0       0       0       0       0       000010000D0001605
     110       0       0       2       0                               0D0001606
     110    1496       0       0       0       0       0       000010000D0001607
     110       0       0       2       0                               0D0001608
     508    1498       0       0       0       0       0       000010000D0001609
     508       0       0       2       1                               0D0001610
     110    1500       0       0       0       0       0       000010000D0001611
     110       0       0       2       0                               0D0001612
     110    1502       0       0       0       0       0       000010000D0001613
     110       0       0       1       0                               0D0001614
     110    1503       0       0       0       0       0       000010000D0001615
     110       0       0       1       0                               0D0001616
     110    1504       0       0       0       0       0       000010000D0001617
     110       0       0       1       0                               0D0001618
     510    1505       0       0       0       0       0       000010000D0001619
     510       0       0       1       1                               0D0001620
     120    1506       0       0       0       0       0       000010000D0001621
     120       0       0       1       0                               0D0001622
     110    1507       0       0       0       0       0       000010000D0001623
     110       0       0       1       0                               0D0001624
     110    1508       0       0       0       0       0       000010000D0001625
     110       0       0       2       0                               0D0001626
     508    1510       0       0       0       0       0       000010000D0001627
     508       0       0       2       1                               0D0001628
     110    1512       0       0       0       0       0       000010000D0001629
     110       0       0       2       0                               0D0001630
     110    1514       0       0       0       0       0       000010000D0001631
     110       0       0       1       0                               0D0001632
     110    1515       0       0       0       0       0       000010000D0001633
     110       0       0       1       0                               0D0001634
     110    1516       0       0       0       0       0       000010000D0001635
     110       0       0       1       0                               0D0001636
     510    1517       0       0       0       0       0       000010000D0001637
     510       0       0       1       1                               0D0001638
     120    1518       0       0       0       0       0       000010000D0001639
     120       0       0       1       0                               0D0001640
     110    1519       0       0       0       0       0       000010000D0001641
     110       0       0       1       0                               0D0001642
     110    1520       0       0       0       0       0       000010000D0001643
     110       0       0       2       0                               0D0001644
     508    1522       0       0       0       0       0       000010000D0001645
     508       0       0       2       1                               0D0001646
     110    1524       0       0       0       0       0       000010000D0001647
     110       0       0       2       0                               0D0001648
     110    1526       0       0       0       0       0       000010000D0001649
     110       0       0       1       0                               0D0001650
     110    1527       0       0       0       0       0       000010000D0001651
     110       0       0       1       0                               0D0001652
     110    1528       0       0       0       0       0       000010000D0001653
     110       0       0       1       0                               0D0001654
     510    1529       0       0       0       0       0       000010000D0001655
     510       0       0       1       1                               0D0001656
     120    1530       0       0       0       0       0       000010000D0001657
     120       0       0       1       0                               0D0001658
     110    1531       0       0       0       0       0       000010000D0001659
     110       0       0       1       0                               0D0001660
     110    1532       0       0       0       0       0       000010000D0001661
     110       0       0       2       0                               0D0001662
     508    1534       0       0       0       0       0       000010000D0001663
     508       0       0       2       1                               0D0001664
     110    1536       0       0       0       0       0       000010000D0001665
     110       0       0       2       0                               0D0001666
     110    1538       0       0       0       0       0       000010000D0001667
     110       0       0       1       0                               0D0001668
     110    1539       0       0       0       0       0       000010000D0001669
     110       0       0       1       0                               0D0001670
     110    1540       0       0       0       0       0       000010000D0001671
     110       0       0       1       0                               0D0001672
     510    1541       0       0       0       0       0       000010000D0001673
     510       0       0       1       1                               0D0001674
     120    1542       0       0       0       0       0       000010000D0001675
     120       0       0       1       0                               0D0001676
     110    1543       0       0       0       0       0       000010000D0001677
     110       0       0       2       0                               0D0001678
     110    1545       0       0       0       0       0       000010000D0001679
     110       0       0       2       0                               0D0001680
     508    1547       0       0       0       0       0       000010000D0001681
     508       0       0       2       1                               0D0001682
     110    1549       0       0       0       0       0       000010000D0001683
     110       0       0       2       0                               0D0001684
     110    1551       0       0       0       0       0       000010000D0001685
     110       0       0       1       0                               0D0001686
     110    1552       0       0       0       0       0       000010000D0001687
     110       0       0       1       0                               0D0001688
     110    1553       0       0       0       0       0       000010000D0001689
     110       0       0       1       0                               0D0001690
     510    1554       0       0       0       0       0       000010000D0001691
     510       0       0       1       1                               0D0001692
     120    1555       0       0       0       0       0       000010000D0001693
     120       0       0       1       0                               0D0001694
     110    1556       0       0       0       0       0       000010000D0001695
     110       0       0       2       0                               0D0001696
     110    1558       0       0       0       0       0       000010000D0001697
     110       0       0       2       0                               0D0001698
     508    1560       0       0       0       0       0       000010000D0001699
     508       0       0       2       1                               0D0001700
     110    1562       0       0       0       0       0       000010000D0001701
     110       0       0       2       0                               0D0001702
     110    1564       0       0       0       0       0       000010000D0001703
     110       0       0       1       0                               0D0001704
     110    1565       0       0       0       0       0       000010000D0001705
     110       0       0       1       0                               0D0001706
     110    1566       0       0       0       0       0       000010000D0001707
     110       0       0       1       0                               0D0001708
     510    1567       0       0       0       0       0       000010000D0001709
     510       0       0       1       1                               0D0001710
     120    1568       0       0       0       0       0       000010000D0001711
     120       0       0       1       0                               0D0001712
     110    1569       0       0       0       0       0       000010000D0001713
     110       0       0       2       0                               0D0001714
     110    1571       0       0       0       0       0       000010000D0001715
     110       0       0       2       0                               0D0001716
     508    1573       0       0       0       0       0       000010000D0001717
     508       0       0       2       1                               0D0001718
     110    1575       0       0       0       0       0       000010000D0001719
     110       0       0       2       0                               0D0001720
     110    1577       0       0       0       0       0       000010000D0001721
     110       0       0       1       0                               0D0001722
     110    1578       0       0       0       0       0       000010000D0001723
     110       0       0       1       0                               0D0001724
     110    1579       0       0       0       0       0       000010000D0001725
     110       0       0       1       0                               0D0001726
     510    1580       0       0       0       0       0       000010000D0001727
     510       0       0       1       1                               0D0001728
     120    1581       0       0       0       0       0       000010000D0001729
     120       0       0       1       0                               0D0001730
     110    1582       0       0       0       0       0       000010000D0001731
     110       0       0       2       0                               0D0001732
     110    1584       0       0       0       0       0       000010000D0001733
     110       0       0       2       0                               0D0001734
     508    1586       0       0       0       0       0       000010000D0001735
     508       0       0       2       1                               0D0001736
     110    1588       0       0       0       0       0       000010000D0001737
     110       0       0       1       0                               0D0001738
     110    1589       0       0       0       0       0       000010000D0001739
     110       0       0       1       0                               0D0001740
     110    1590       0       0       0       0       0       000010000D0001741
     110       0       0       1       0                               0D0001742
     110    1591       0       0       0       0       0       000010000D0001743
     110       0       0       2       0                               0D0001744
     510    1593       0       0       0       0       0       000010000D0001745
     510       0       0       1       1                               0D0001746
     120    1594       0       0       0       0       0       000010000D0001747
     120       0       0       1       0                               0D0001748
     110    1595       0       0       0       0       0       000010000D0001749
     110       0       0       2       0                               0D0001750
     110    1597       0       0       0       0       0       000010000D0001751
     110       0       0       2       0                               0D0001752
     508    1599       0       0       0       0       0       000010000D0001753
     508       0       0       2       1                               0D0001754
     110    1601       0       0       0       0       0       000010000D0001755
     110       0       0       1       0                               0D0001756
     110    1602       0       0       0       0       0       000010000D0001757
     110       0       0       1       0                               0D0001758
     110    1603       0       0       0       0       0       000010000D0001759
     110       0       0       2       0                               0D0001760
     110    1605       0       0       0       0       0       000010000D0001761
     110       0       0       1       0                               0D0001762
     510    1606       0       0       0       0       0       000010000D0001763
     510       0       0       1       1                               0D0001764
     120    1607       0       0       0       0       0       000010000D0001765
     120       0       0       1       0                               0D0001766
     110    1608       0       0       0       0       0       000010000D0001767
     110       0       0       2       0                               0D0001768
     110    1610       0       0       0       0       0       000010000D0001769
     110       0       0       2       0                               0D0001770
     508    1612       0       0       0       0       0       000010000D0001771
     508       0       0       2       1                               0D0001772
     110    1614       0       0       0       0       0       000010000D0001773
     110       0       0       1       0                               0D0001774
     110    1615       0       0       0       0       0       000010000D0001775
     110       0       0       1       0                               0D0001776
     110    1616       0       0       0       0       0       000010000D0001777
     110       0       0       2       0                               0D0001778
     110    1618       0       0       0       0       0       000010000D0001779
     110       0       0       1       0                               0D0001780
     510    1619       0       0       0       0       0       000010000D0001781
     510       0       0       1       1                               0D0001782
     120    1620       0       0       0       0       0       000010000D0001783
     120       0       0       1       0                               0D0001784
     110    1621       0       0       0       0       0       000010000D0001785
     110       0       0       1       0                               0D0001786
     110    1622       0       0       0       0       0       000010000D0001787
     110       0       0       2       0                               0D0001788
     508    1624       0       0       0       0       0       000010000D0001789
     508       0       0       2       1                               0D0001790
     110    1626       0       0       0       0       0       000010000D0001791
     110       0       0       2       0                               0D0001792
     110    1628       0       0       0       0       0       000010000D0001793
     110       0       0       1       0                               0D0001794
     110    1629       0       0       0       0       0       000010000D0001795
     110       0       0       1       0                               0D0001796
     110    1630       0       0       0       0       0       000010000D0001797
     110       0       0       1       0                               0D0001798
     510    1631       0       0       0       0       0       000010000D0001799
     510       0       0       1       1                               0D0001800
     120    1632       0       0       0       0       0       000010000D0001801
     120       0       0       1       0                               0D0001802
     110    1633       0       0       0       0       0       000010000D0001803
     110       0       0       1       0                               0D0001804
     110    1634       0       0       0       0       0       000010000D0001805
     110       0       0       1       0                               0D0001806
     508    1635       0       0       0       0       0       000010000D0001807
     508       0       0       2       1                               0D0001808
     110    1637       0       0       0       0       0       000010000D0001809
     110       0       0       1       0                               0D0001810
     110    1638       0       0       0       0       0       000010000D0001811
     110       0       0       2       0                               0D0001812
     110    1640       0       0       0       0       0       000010000D0001813
     110       0       0       1       0                               0D0001814
     110    1641       0       0       0       0       0       000010000D0001815
     110       0       0       1       0                               0D0001816
     510    1642       0       0       0       0       0       000010000D0001817
     510       0       0       1       1                               0D0001818
     120    1643       0       0       0       0       0       000010000D0001819
     120       0       0       1       0                               0D0001820
     110    1644       0       0       0       0       0       000010000D0001821
     110       0       0       1       0                               0D0001822
     110    1645       0       0       0       0       0       000010000D0001823
     110       0       0       1       0                               0D0001824
     508    1646       0       0       0       0       0       000010000D0001825
     508       0       0       2       1                               0D0001826
     110    1648       0       0       0       0       0       000010000D0001827
     110       0       0       1       0                               0D0001828
     110    1649       0       0       0       0       0       000010000D0001829
     110       0       0       2       0                               0D0001830
     110    1651       0       0       0       0       0       000010000D0001831
     110       0       0       1       0                               0D0001832
     110    1652       0       0       0       0       0       000010000D0001833
     110       0       0       1       0                               0D0001834
     510    1653       0       0       0       0       0       000010000D0001835
     510       0       0       1       1                               0D0001836
     120    1654       0       0       0       0       0       000010000D0001837
     120       0       0       1       0                               0D0001838
     110    1655       0       0       0       0       0       000010000D0001839
     110       0       0       1       0                               0D0001840
     110    1656       0       0       0       0       0       000010000D0001841
     110       0       0       1       0                               0D0001842
     508    1657       0       0       0       0       0       000010000D0001843
     508       0       0       2       1                               0D0001844
     110    1659       0       0       0       0       0       000010000D0001845
     110       0       0       1       0                               0D0001846
     110    1660       0       0       0       0       0       000010000D0001847
     110       0       0       2       0                               0D0001848
     110    1662       0       0       0       0       0       000010000D0001849
     110       0       0       1       0                               0D0001850
     110    1663       0       0       0       0       0       000010000D0001851
     110       0       0       1       0                               0D0001852
     510    1664       0       0       0       0       0       000010000D0001853
     510       0       0       1       1                               0D0001854
     120    1665       0       0       0       0       0       000010000D0001855
     120       0       0       1       0                               0D0001856
     110    1666       0       0       0       0       0       000010000D0001857
     110       0       0       1       0                               0D0001858
     110    1667       0       0       0       0       0       000010000D0001859
     110       0       0       2       0                               0D0001860
     508    1669       0       0       0       0       0       000010000D0001861
     508       0       0       2       1                               0D0001862
     110    1671       0       0       0       0       0       000010000D0001863
     110       0       0       1       0                               0D0001864
     110    1672       0       0       0       0       0       000010000D0001865
     110       0       0       2       0                               0D0001866
     110    1674       0       0       0       0       0       000010000D0001867
     110       0       0       1       0                               0D0001868
     110    1675       0       0       0       0       0       000010000D0001869
     110       0       0       1       0                               0D0001870
     510    1676       0       0       0       0       0       000010000D0001871
     510       0       0       1       1                               0D0001872
     120    1677       0       0       0       0       0       000010000D0001873
     120       0       0       1       0                               0D0001874
     110    1678       0       0       0       0       0       000010000D0001875
     110       0       0       2       0                               0D0001876
     110    1680       0       0       0       0       0       000010000D0001877
     110       0       0       1       0                               0D0001878
     508    1681       0       0       0       0       0       000010000D0001879
     508       0       0       2       1                               0D0001880
     110    1683       0       0       0       0       0       000010000D0001881
     110       0       0       1       0                               0D0001882
     110    1684       0       0       0       0       0       000010000D0001883
     110       0       0       2       0                               0D0001884
     110    1686       0       0       0       0       0       000010000D0001885
     110       0       0       1       0                               0D0001886
     110    1687       0       0       0       0       0       000010000D0001887
     110       0       0       1       0                               0D0001888
     510    1688       0       0       0       0       0       000010000D0001889
     510       0       0       1       1                               0D0001890
     190    1689       0       0       0       0       0       000010000D0001891
     190       0       0       1       1                               0D0001892
     116    1690       0       0       0       0       0       000010400D0001893
     116       0       0       1       0                               0D0001894
     123    1691       0       0       0       0       0       000010200D0001895
     123       0       0       1       0                               0D0001896
     123    1692       0       0       0       0       0       000010200D0001897
     123       0       0       1       0                               0D0001898
     508    1693       0       0       0       0       0       000010000D0001899
     508       0       0       1       1                               0D0001900
     510    1694       0       0       0       0       0       000010000D0001901
     510       0       0       1       1                               0D0001902
     190    1695       0       0       0       0       0       000010000D0001903
     190       0       0       1       1                               0D0001904
     116    1696       0       0       0       0       0       000010400D0001905
     116       0       0       1       0                               0D0001906
     123    1697       0       0       0       0       0       000010200D0001907
     123       0       0       1       0                               0D0001908
     123    1698       0       0       0       0       0       000010200D0001909
     123       0       0       1       0                               0D0001910
     508    1699       0       0       0       0       0       000010000D0001911
     508       0       0       1       1                               0D0001912
     510    1700       0       0       0       0       0       000010000D0001913
     510       0       0       1       1                               0D0001914
     190    1701       0       0       0       0       0       000010000D0001915
     190       0       0       1       1                               0D0001916
     116    1702       0       0       0       0       0       000010400D0001917
     116       0       0       1       0                               0D0001918
     123    1703       0       0       0       0       0       000010200D0001919
     123       0       0       1       0                               0D0001920
     123    1704       0       0       0       0       0       000010200D0001921
     123       0       0       1       0                               0D0001922
     508    1705       0       0       0       0       0       000010000D0001923
     508       0       0       1       1                               0D0001924
     510    1706       0       0       0       0       0       000010000D0001925
     510       0       0       1       1                               0D0001926
     190    1707       0       0       0       0       0       000010000D0001927
     190       0       0       1       1                               0D0001928
     116    1708       0       0       0       0       0       000010400D0001929
     116       0       0       1       0                               0D0001930
     123    1709       0       0       0       0       0       000010200D0001931
     123       0       0       1       0                               0D0001932
     123    1710       0       0       0       0       0       000010200D0001933
     123       0       0       1       0                               0D0001934
     508    1711       0       0       0       0       0       000010000D0001935
     508       0       0       1       1                               0D0001936
     510    1712       0       0       0       0       0       000010000D0001937
     510       0       0       1       1                               0D0001938
     120    1713       0       0       0       0       0       000010000D0001939
     120       0       0       1       0                               0D0001940
     110    1714       0       0       0       0       0       000010000D0001941
     110       0       0       2       0                               0D0001942
     110    1716       0       0       0       0       0       000010000D0001943
     110       0       0       1       0                               0D0001944
     508    1717       0       0       0       0       0       000010000D0001945
     508       0       0       2       1                               0D0001946
     110    1719       0       0       0       0       0       000010000D0001947
     110       0       0       1       0                               0D0001948
     110    1720       0       0       0       0       0       000010000D0001949
     110       0       0       2       0                               0D0001950
     110    1722       0       0       0       0       0       000010000D0001951
     110       0       0       1       0                               0D0001952
     110    1723       0       0       0       0       0       000010000D0001953
     110       0       0       1       0                               0D0001954
     510    1724       0       0       0       0       0       000010000D0001955
     510       0       0       1       1                               0D0001956
     120    1725       0       0       0       0       0       000010000D0001957
     120       0       0       1       0                               0D0001958
     110    1726       0       0       0       0       0       000010000D0001959
     110       0       0       1       0                               0D0001960
     110    1727       0       0       0       0       0       000010000D0001961
     110       0       0       2       0                               0D0001962
     508    1729       0       0       0       0       0       000010000D0001963
     508       0       0       2       1                               0D0001964
     110    1731       0       0       0       0       0       000010000D0001965
     110       0       0       1       0                               0D0001966
     110    1732       0       0       0       0       0       000010000D0001967
     110       0       0       2       0                               0D0001968
     110    1734       0       0       0       0       0       000010000D0001969
     110       0       0       1       0                               0D0001970
     110    1735       0       0       0       0       0       000010000D0001971
     110       0       0       1       0                               0D0001972
     510    1736       0       0       0       0       0       000010000D0001973
     510       0       0       1       1                               0D0001974
     120    1737       0       0       0       0       0       000010000D0001975
     120       0       0       1       0                               0D0001976
     110    1738       0       0       0       0       0       000010000D0001977
     110       0       0       1       0                               0D0001978
     110    1739       0       0       0       0       0       000010000D0001979
     110       0       0       1       0                               0D0001980
     508    1740       0       0       0       0       0       000010000D0001981
     508       0       0       2       1                               0D0001982
     110    1742       0       0       0       0       0       000010000D0001983
     110       0       0       1       0                               0D0001984
     110    1743       0       0       0       0       0       000010000D0001985
     110       0       0       2       0                               0D0001986
     110    1745       0       0       0       0       0       000010000D0001987
     110       0       0       1       0                               0D0001988
     110    1746       0       0       0       0       0       000010000D0001989
     110       0       0       1       0                               0D0001990
     510    1747       0       0       0       0       0       000010000D0001991
     510       0       0       1       1                               0D0001992
     120    1748       0       0       0       0       0       000010000D0001993
     120       0       0       1       0                               0D0001994
     110    1749       0       0       0       0       0       000010000D0001995
     110       0       0       1       0                               0D0001996
     110    1750       0       0       0       0       0       000010000D0001997
     110       0       0       2       0                               0D0001998
     508    1752       0       0       0       0       0       000010000D0001999
     508       0       0       2       1                               0D0002000
     110    1754       0       0       0       0       0       000010000D0002001
     110       0       0       1       0                               0D0002002
     110    1755       0       0       0       0       0       000010000D0002003
     110       0       0       2       0                               0D0002004
     110    1757       0       0       0       0       0       000010000D0002005
     110       0       0       1       0                               0D0002006
     110    1758       0       0       0       0       0       000010000D0002007
     110       0       0       1       0                               0D0002008
     510    1759       0       0       0       0       0       000010000D0002009
     510       0       0       1       1                               0D0002010
     120    1760       0       0       0       0       0       000010000D0002011
     120       0       0       1       0                               0D0002012
     110    1761       0       0       0       0       0       000010000D0002013
     110       0       0       1       0                               0D0002014
     110    1762       0       0       0       0       0       000010000D0002015
     110       0       0       1       0                               0D0002016
     508    1763       0       0       0       0       0       000010000D0002017
     508       0       0       2       1                               0D0002018
     110    1765       0       0       0       0       0       000010000D0002019
     110       0       0       1       0                               0D0002020
     110    1766       0       0       0       0       0       000010000D0002021
     110       0       0       2       0                               0D0002022
     110    1768       0       0       0       0       0       000010000D0002023
     110       0       0       1       0                               0D0002024
     110    1769       0       0       0       0       0       000010000D0002025
     110       0       0       1       0                               0D0002026
     510    1770       0       0       0       0       0       000010000D0002027
     510       0       0       1       1                               0D0002028
     120    1771       0       0       0       0       0       000010000D0002029
     120       0       0       1       0                               0D0002030
     110    1772       0       0       0       0       0       000010000D0002031
     110       0       0       1       0                               0D0002032
     110    1773       0       0       0       0       0       000010000D0002033
     110       0       0       1       0                               0D0002034
     508    1774       0       0       0       0       0       000010000D0002035
     508       0       0       2       1                               0D0002036
     110    1776       0       0       0       0       0       000010000D0002037
     110       0       0       1       0                               0D0002038
     110    1777       0       0       0       0       0       000010000D0002039
     110       0       0       2       0                               0D0002040
     110    1779       0       0       0       0       0       000010000D0002041
     110       0       0       1       0                               0D0002042
     110    1780       0       0       0       0       0       000010000D0002043
     110       0       0       1       0                               0D0002044
     510    1781       0       0       0       0       0       000010000D0002045
     510       0       0       1       1                               0D0002046
     120    1782       0       0       0       0       0       000010000D0002047
     120       0       0       1       0                               0D0002048
     110    1783       0       0       0       0       0       000010000D0002049
     110       0       0       1       0                               0D0002050
     110    1784       0       0       0       0       0       000010000D0002051
     110       0       0       2       0                               0D0002052
     508    1786       0       0       0       0       0       000010000D0002053
     508       0       0       2       1                               0D0002054
     110    1788       0       0       0       0       0       000010000D0002055
     110       0       0       1       0                               0D0002056
     110    1789       0       0       0       0       0       000010000D0002057
     110       0       0       2       0                               0D0002058
     110    1791       0       0       0       0       0       000010000D0002059
     110       0       0       1       0                               0D0002060
     110    1792       0       0       0       0       0       000010000D0002061
     110       0       0       1       0                               0D0002062
     510    1793       0       0       0       0       0       000010000D0002063
     510       0       0       1       1                               0D0002064
     120    1794       0       0       0       0       0       000010000D0002065
     120       0       0       1       0                               0D0002066
     110    1795       0       0       0       0       0       000010000D0002067
     110       0       0       2       0                               0D0002068
     110    1797       0       0       0       0       0       000010000D0002069
     110       0       0       2       0                               0D0002070
     508    1799       0       0       0       0       0       000010000D0002071
     508       0       0       2       1                               0D0002072
     110    1801       0       0       0       0       0       000010000D0002073
     110       0       0       1       0                               0D0002074
     110    1802       0       0       0       0       0       000010000D0002075
     110       0       0       2       0                               0D0002076
     110    1804       0       0       0       0       0       000010000D0002077
     110       0       0       1       0                               0D0002078
     110    1805       0       0       0       0       0       000010000D0002079
     110       0       0       1       0                               0D0002080
     510    1806       0       0       0       0       0       000010000D0002081
     510       0       0       1       1                               0D0002082
     120    1807       0       0       0       0       0       000010000D0002083
     120       0       0       1       0                               0D0002084
     110    1808       0       0       0       0       0       000010000D0002085
     110       0       0       2       0                               0D0002086
     110    1810       0       0       0       0       0       000010000D0002087
     110       0       0       1       0                               0D0002088
     508    1811       0       0       0       0       0       000010000D0002089
     508       0       0       2       1                               0D0002090
     110    1813       0       0       0       0       0       000010000D0002091
     110       0       0       1       0                               0D0002092
     110    1814       0       0       0       0       0       000010000D0002093
     110       0       0       2       0                               0D0002094
     110    1816       0       0       0       0       0       000010000D0002095
     110       0       0       1       0                               0D0002096
     110    1817       0       0       0       0       0       000010000D0002097
     110       0       0       1       0                               0D0002098
     510    1818       0       0       0       0       0       000010000D0002099
     510       0       0       1       1                               0D0002100
     120    1819       0       0       0       0       0       000010000D0002101
     120       0       0       1       0                               0D0002102
     110    1820       0       0       0       0       0       000010000D0002103
     110       0       0       1       0                               0D0002104
     110    1821       0       0       0       0       0       000010000D0002105
     110       0       0       2       0                               0D0002106
     508    1823       0       0       0       0       0       000010000D0002107
     508       0       0       2       1                               0D0002108
     110    1825       0       0       0       0       0       000010000D0002109
     110       0       0       1       0                               0D0002110
     110    1826       0       0       0       0       0       000010000D0002111
     110       0       0       2       0                               0D0002112
     110    1828       0       0       0       0       0       000010000D0002113
     110       0       0       1       0                               0D0002114
     110    1829       0       0       0       0       0       000010000D0002115
     110       0       0       1       0                               0D0002116
     510    1830       0       0       0       0       0       000010000D0002117
     510       0       0       1       1                               0D0002118
     120    1831       0       0       0       0       0       000010000D0002119
     120       0       0       1       0                               0D0002120
     110    1832       0       0       0       0       0       000010000D0002121
     110       0       0       1       0                               0D0002122
     110    1833       0       0       0       0       0       000010000D0002123
     110       0       0       2       0                               0D0002124
     508    1835       0       0       0       0       0       000010000D0002125
     508       0       0       2       1                               0D0002126
     110    1837       0       0       0       0       0       000010000D0002127
     110       0       0       1       0                               0D0002128
     110    1838       0       0       0       0       0       000010000D0002129
     110       0       0       2       0                               0D0002130
     110    1840       0       0       0       0       0       000010000D0002131
     110       0       0       1       0                               0D0002132
     110    1841       0       0       0       0       0       000010000D0002133
     110       0       0       1       0                               0D0002134
     510    1842       0       0       0       0       0       000010000D0002135
     510       0       0       1       1                               0D0002136
     120    1843       0       0       0       0       0       000010000D0002137
     120       0       0       1       0                               0D0002138
     110    1844       0       0       0       0       0       000010000D0002139
     110       0       0       1       0                               0D0002140
     110    1845       0       0       0       0       0       000010000D0002141
     110       0       0       1       0                               0D0002142
     508    1846       0       0       0       0       0       000010000D0002143
     508       0       0       2       1                               0D0002144
     110    1848       0       0       0       0       0       000010000D0002145
     110       0       0       1       0                               0D0002146
     110    1849       0       0       0       0       0       000010000D0002147
     110       0       0       2       0                               0D0002148
     110    1851       0       0       0       0       0       000010000D0002149
     110       0       0       1       0                               0D0002150
     110    1852       0       0       0       0       0       000010000D0002151
     110       0       0       1       0                               0D0002152
     510    1853       0       0       0       0       0       000010000D0002153
     510       0       0       1       1                               0D0002154
     120    1854       0       0       0       0       0       000010000D0002155
     120       0       0       1       0                               0D0002156
     110    1855       0       0       0       0       0       000010000D0002157
     110       0       0       1       0                               0D0002158
     110    1856       0       0       0       0       0       000010000D0002159
     110       0       0       1       0                               0D0002160
     508    1857       0       0       0       0       0       000010000D0002161
     508       0       0       2       1                               0D0002162
     110    1859       0       0       0       0       0       000010000D0002163
     110       0       0       1       0                               0D0002164
     110    1860       0       0       0       0       0       000010000D0002165
     110       0       0       2       0                               0D0002166
     110    1862       0       0       0       0       0       000010000D0002167
     110       0       0       1       0                               0D0002168
     110    1863       0       0       0       0       0       000010000D0002169
     110       0       0       1       0                               0D0002170
     510    1864       0       0       0       0       0       000010000D0002171
     510       0       0       1       1                               0D0002172
     120    1865       0       0       0       0       0       000010000D0002173
     120       0       0       1       0                               0D0002174
     110    1866       0       0       0       0       0       000010000D0002175
     110       0       0       1       0                               0D0002176
     110    1867       0       0       0       0       0       000010000D0002177
     110       0       0       1       0                               0D0002178
     508    1868       0       0       0       0       0       000010000D0002179
     508       0       0       2       1                               0D0002180
     110    1870       0       0       0       0       0       000010000D0002181
     110       0       0       1       0                               0D0002182
     110    1871       0       0       0       0       0       000010000D0002183
     110       0       0       2       0                               0D0002184
     110    1873       0       0       0       0       0       000010000D0002185
     110       0       0       1       0                               0D0002186
     110    1874       0       0       0       0       0       000010000D0002187
     110       0       0       1       0                               0D0002188
     510    1875       0       0       0       0       0       000010000D0002189
     510       0       0       1       1                               0D0002190
     120    1876       0       0       0       0       0       000010000D0002191
     120       0       0       1       0                               0D0002192
     110    1877       0       0       0       0       0       000010000D0002193
     110       0       0       1       0                               0D0002194
     110    1878       0       0       0       0       0       000010000D0002195
     110       0       0       2       0                               0D0002196
     508    1880       0       0       0       0       0       000010000D0002197
     508       0       0       2       1                               0D0002198
     110    1882       0       0       0       0       0       000010000D0002199
     110       0       0       1       0                               0D0002200
     110    1883       0       0       0       0       0       000010000D0002201
     110       0       0       2       0                               0D0002202
     110    1885       0       0       0       0       0       000010000D0002203
     110       0       0       1       0                               0D0002204
     110    1886       0       0       0       0       0       000010000D0002205
     110       0       0       1       0                               0D0002206
     510    1887       0       0       0       0       0       000010000D0002207
     510       0       0       1       1                               0D0002208
     120    1888       0       0       0       0       0       000010000D0002209
     120       0       0       1       0                               0D0002210
     110    1889       0       0       0       0       0       000010000D0002211
     110       0       0       2       0                               0D0002212
     110    1891       0       0       0       0       0       000010000D0002213
     110       0       0       1       0                               0D0002214
     508    1892       0       0       0       0       0       000010000D0002215
     508       0       0       2       1                               0D0002216
     110    1894       0       0       0       0       0       000010000D0002217
     110       0       0       1       0                               0D0002218
     110    1895       0       0       0       0       0       000010000D0002219
     110       0       0       2       0                               0D0002220
     110    1897       0       0       0       0       0       000010000D0002221
     110       0       0       1       0                               0D0002222
     110    1898       0       0       0       0       0       000010000D0002223
     110       0       0       1       0                               0D0002224
     510    1899       0       0       0       0       0       000010000D0002225
     510       0       0       1       1                               0D0002226
     190    1900       0       0       0       0       0       000010000D0002227
     190       0       0       1       1                               0D0002228
     116    1901       0       0       0       0       0       000010400D0002229
     116       0       0       1       0                               0D0002230
     123    1902       0       0       0       0       0       000010200D0002231
     123       0       0       1       0                               0D0002232
     123    1903       0       0       0       0       0       000010200D0002233
     123       0       0       1       0                               0D0002234
     508    1904       0       0       0       0       0       000010000D0002235
     508       0       0       1       1                               0D0002236
     510    1905       0       0       0       0       0       000010000D0002237
     510       0       0       1       1                               0D0002238
     190    1906       0       0       0       0       0       000010000D0002239
     190       0       0       1       1                               0D0002240
     116    1907       0       0       0       0       0       000010400D0002241
     116       0       0       1       0                               0D0002242
     123    1908       0       0       0       0       0       000010200D0002243
     123       0       0       1       0                               0D0002244
     123    1909       0       0       0       0       0       000010200D0002245
     123       0       0       1       0                               0D0002246
     508    1910       0       0       0       0       0       000010000D0002247
     508       0       0       1       1                               0D0002248
     510    1911       0       0       0       0       0       000010000D0002249
     510       0       0       1       1                               0D0002250
     190    1912       0       0       0       0       0       000010000D0002251
     190       0       0       1       1                               0D0002252
     116    1913       0       0       0       0       0       000010400D0002253
     116       0       0       1       0                               0D0002254
     123    1914       0       0       0       0       0       000010200D0002255
     123       0       0       1       0                               0D0002256
     123    1915       0       0       0       0       0       000010200D0002257
     123       0       0       1       0                               0D0002258
     508    1916       0       0       0       0       0       000010000D0002259
     508       0       0       1       1                               0D0002260
     510    1917       0       0       0       0       0       000010000D0002261
     510       0       0       1       1                               0D0002262
     190    1918       0       0       0       0       0       000010000D0002263
     190       0       0       1       1                               0D0002264
     116    1919       0       0       0       0       0       000010400D0002265
     116       0       0       1       0                               0D0002266
     123    1920       0       0       0       0       0       000010200D0002267
     123       0       0       1       0                               0D0002268
     123    1921       0       0       0       0       0       000010200D0002269
     123       0       0       1       0                               0D0002270
     508    1922       0       0       0       0       0       000010000D0002271
     508       0       0       1       1                               0D0002272
     510    1923       0       0       0       0       0       000010000D0002273
     510       0       0       1       1                               0D0002274
     120    1924       0       0       0       0       0       000010000D0002275
     120       0       0       1       0                               0D0002276
     110    1925       0       0       0       0       0       000010000D0002277
     110       0       0       2       0                               0D0002278
     110    1927       0       0       0       0       0       000010000D0002279
     110       0       0       1       0                               0D0002280
     508    1928       0       0       0       0       0       000010000D0002281
     508       0       0       2       1                               0D0002282
     110    1930       0       0       0       0       0       000010000D0002283
     110       0       0       1       0                               0D0002284
     110    1931       0       0       0       0       0       000010000D0002285
     110       0       0       2       0                               0D0002286
     110    1933       0       0       0       0       0       000010000D0002287
     110       0       0       1       0                               0D0002288
     110    1934       0       0       0       0       0       000010000D0002289
     110       0       0       1       0                               0D0002290
     510    1935       0       0       0       0       0       000010000D0002291
     510       0       0       1       1                               0D0002292
     120    1936       0       0       0       0       0       000010000D0002293
     120       0       0       1       0                               0D0002294
     110    1937       0       0       0       0       0       000010000D0002295
     110       0       0       1       0                               0D0002296
     110    1938       0       0       0       0       0       000010000D0002297
     110       0       0       2       0                               0D0002298
     508    1940       0       0       0       0       0       000010000D0002299
     508       0       0       2       1                               0D0002300
     110    1942       0       0       0       0       0       000010000D0002301
     110       0       0       1       0                               0D0002302
     110    1943       0       0       0       0       0       000010000D0002303
     110       0       0       2       0                               0D0002304
     110    1945       0       0       0       0       0       000010000D0002305
     110       0       0       1       0                               0D0002306
     110    1946       0       0       0       0       0       000010000D0002307
     110       0       0       1       0                               0D0002308
     510    1947       0       0       0       0       0       000010000D0002309
     510       0       0       1       1                               0D0002310
     120    1948       0       0       0       0       0       000010000D0002311
     120       0       0       1       0                               0D0002312
     110    1949       0       0       0       0       0       000010000D0002313
     110       0       0       1       0                               0D0002314
     110    1950       0       0       0       0       0       000010000D0002315
     110       0       0       1       0                               0D0002316
     508    1951       0       0       0       0       0       000010000D0002317
     508       0       0       2       1                               0D0002318
     110    1953       0       0       0       0       0       000010000D0002319
     110       0       0       1       0                               0D0002320
     110    1954       0       0       0       0       0       000010000D0002321
     110       0       0       2       0                               0D0002322
     110    1956       0       0       0       0       0       000010000D0002323
     110       0       0       1       0                               0D0002324
     110    1957       0       0       0       0       0       000010000D0002325
     110       0       0       1       0                               0D0002326
     510    1958       0       0       0       0       0       000010000D0002327
     510       0       0       1       1                               0D0002328
     120    1959       0       0       0       0       0       000010000D0002329
     120       0       0       1       0                               0D0002330
     110    1960       0       0       0       0       0       000010000D0002331
     110       0       0       1       0                               0D0002332
     110    1961       0       0       0       0       0       000010000D0002333
     110       0       0       2       0                               0D0002334
     508    1963       0       0       0       0       0       000010000D0002335
     508       0       0       2       1                               0D0002336
     110    1965       0       0       0       0       0       000010000D0002337
     110       0       0       1       0                               0D0002338
     110    1966       0       0       0       0       0       000010000D0002339
     110       0       0       2       0                               0D0002340
     110    1968       0       0       0       0       0       000010000D0002341
     110       0       0       1       0                               0D0002342
     110    1969       0       0       0       0       0       000010000D0002343
     110       0       0       1       0                               0D0002344
     510    1970       0       0       0       0       0       000010000D0002345
     510       0       0       1       1                               0D0002346
     120    1971       0       0       0       0       0       000010000D0002347
     120       0       0       1       0                               0D0002348
     110    1972       0       0       0       0       0       000010000D0002349
     110       0       0       1       0                               0D0002350
     110    1973       0       0       0       0       0       000010000D0002351
     110       0       0       1       0                               0D0002352
     508    1974       0       0       0       0       0       000010000D0002353
     508       0       0       2       1                               0D0002354
     110    1976       0       0       0       0       0       000010000D0002355
     110       0       0       1       0                               0D0002356
     110    1977       0       0       0       0       0       000010000D0002357
     110       0       0       2       0                               0D0002358
     110    1979       0       0       0       0       0       000010000D0002359
     110       0       0       1       0                               0D0002360
     110    1980       0       0       0       0       0       000010000D0002361
     110       0       0       1       0                               0D0002362
     510    1981       0       0       0       0       0       000010000D0002363
     510       0       0       1       1                               0D0002364
     120    1982       0       0       0       0       0       000010000D0002365
     120       0       0       1       0                               0D0002366
     110    1983       0       0       0       0       0       000010000D0002367
     110       0       0       1       0                               0D0002368
     110    1984       0       0       0       0       0       000010000D0002369
     110       0       0       1       0                               0D0002370
     508    1985       0       0       0       0       0       000010000D0002371
     508       0       0       2       1                               0D0002372
     110    1987       0       0       0       0       0       000010000D0002373
     110       0       0       1       0                               0D0002374
     110    1988       0       0       0       0       0       000010000D0002375
     110       0       0       2       0                               0D0002376
     110    1990       0       0       0       0       0       000010000D0002377
     110       0       0       1       0                               0D0002378
     110    1991       0       0       0       0       0       000010000D0002379
     110       0       0       1       0                               0D0002380
     510    1992       0       0       0       0       0       000010000D0002381
     510       0       0       1       1                               0D0002382
     120    1993       0       0       0       0       0       000010000D0002383
     120       0       0       1       0                               0D0002384
     110    1994       0       0       0       0       0       000010000D0002385
     110       0       0       1       0                               0D0002386
     110    1995       0       0       0       0       0       000010000D0002387
     110       0       0       2       0                               0D0002388
     508    1997       0       0       0       0       0       000010000D0002389
     508       0       0       2       1                               0D0002390
     110    1999       0       0       0       0       0       000010000D0002391
     110       0       0       1       0                               0D0002392
     110    2000       0       0       0       0       0       000010000D0002393
     110       0       0       2       0                               0D0002394
     110    2002       0       0       0       0       0       000010000D0002395
     110       0       0       1       0                               0D0002396
     110    2003       0       0       0       0       0       000010000D0002397
     110       0       0       1       0                               0D0002398
     510    2004       0       0       0       0       0       000010000D0002399
     510       0       0       1       1                               0D0002400
     120    2005       0       0       0       0       0       000010000D0002401
     120       0       0       1       0                               0D0002402
     110    2006       0       0       0       0       0       000010000D0002403
     110       0       0       2       0                               0D0002404
     110    2008       0       0       0       0       0       000010000D0002405
     110       0       0       2       0                               0D0002406
     508    2010       0       0       0       0       0       000010000D0002407
     508       0       0       2       1                               0D0002408
     110    2012       0       0       0       0       0       000010000D0002409
     110       0       0       1       0                               0D0002410
     110    2013       0       0       0       0       0       000010000D0002411
     110       0       0       2       0                               0D0002412
     110    2015       0       0       0       0       0       000010000D0002413
     110       0       0       1       0                               0D0002414
     110    2016       0       0       0       0       0       000010000D0002415
     110       0       0       1       0                               0D0002416
     510    2017       0       0       0       0       0       000010000D0002417
     510       0       0       1       1                               0D0002418
     120    2018       0       0       0       0       0       000010000D0002419
     120       0       0       1       0                               0D0002420
     110    2019       0       0       0       0       0       000010000D0002421
     110       0       0       2       0                               0D0002422
     110    2021       0       0       0       0       0       000010000D0002423
     110       0       0       1       0                               0D0002424
     508    2022       0       0       0       0       0       000010000D0002425
     508       0       0       2       1                               0D0002426
     110    2024       0       0       0       0       0       000010000D0002427
     110       0       0       1       0                               0D0002428
     110    2025       0       0       0       0       0       000010000D0002429
     110       0       0       2       0                               0D0002430
     110    2027       0       0       0       0       0       000010000D0002431
     110       0       0       1       0                               0D0002432
     110    2028       0       0       0       0       0       000010000D0002433
     110       0       0       1       0                               0D0002434
     510    2029       0       0       0       0       0       000010000D0002435
     510       0       0       1       1                               0D0002436
     120    2030       0       0       0       0       0       000010000D0002437
     120       0       0       1       0                               0D0002438
     110    2031       0       0       0       0       0       000010000D0002439
     110       0       0       1       0                               0D0002440
     110    2032       0       0       0       0       0       000010000D0002441
     110       0       0       2       0                               0D0002442
     508    2034       0       0       0       0       0       000010000D0002443
     508       0       0       2       1                               0D0002444
     110    2036       0       0       0       0       0       000010000D0002445
     110       0       0       1       0                               0D0002446
     110    2037       0       0       0       0       0       000010000D0002447
     110       0       0       2       0                               0D0002448
     110    2039       0       0       0       0       0       000010000D0002449
     110       0       0       1       0                               0D0002450
     110    2040       0       0       0       0       0       000010000D0002451
     110       0       0       1       0                               0D0002452
     510    2041       0       0       0       0       0       000010000D0002453
     510       0       0       1       1                               0D0002454
     120    2042       0       0       0       0       0       000010000D0002455
     120       0       0       1       0                               0D0002456
     110    2043       0       0       0       0       0       000010000D0002457
     110       0       0       1       0                               0D0002458
     110    2044       0       0       0       0       0       000010000D0002459
     110       0       0       2       0                               0D0002460
     508    2046       0       0       0       0       0       000010000D0002461
     508       0       0       2       1                               0D0002462
     110    2048       0       0       0       0       0       000010000D0002463
     110       0       0       1       0                               0D0002464
     110    2049       0       0       0       0       0       000010000D0002465
     110       0       0       2       0                               0D0002466
     110    2051       0       0       0       0       0       000010000D0002467
     110       0       0       1       0                               0D0002468
     110    2052       0       0       0       0       0       000010000D0002469
     110       0       0       1       0                               0D0002470
     510    2053       0       0       0       0       0       000010000D0002471
     510       0       0       1       1                               0D0002472
     190    2054       0       0       0       0       0       000010000D0002473
     190       0       0       1       1                               0D0002474
     116    2055       0       0       0       0       0       000010400D0002475
     116       0       0       1       0                               0D0002476
     123    2056       0       0       0       0       0       000010200D0002477
     123       0       0       1       0                               0D0002478
     123    2057       0       0       0       0       0       000010200D0002479
     123       0       0       1       0                               0D0002480
     508    2058       0       0       0       0       0       000010000D0002481
     508       0       0       7       1                               0D0002482
     508    2065       0       0       0       0       0       000010000D0002483
     508       0       0       9       1                               0D0002484
     510    2074       0       0       0       0       0       000010000D0002485
     510       0       0       1       1                               0D0002486
     190    2075       0       0       0       0       0       000010000D0002487
     190       0       0       1       1                               0D0002488
     116    2076       0       0       0       0       0       000010400D0002489
     116       0       0       1       0                               0D0002490
     123    2077       0       0       0       0       0       000010200D0002491
     123       0       0       1       0                               0D0002492
     123    2078       0       0       0       0       0       000010200D0002493
     123       0       0       1       0                               0D0002494
     508    2079       0       0       0       0       0       000010000D0002495
     508       0       0       7       1                               0D0002496
     508    2086       0       0       0       0       0       000010000D0002497
     508       0       0       9       1                               0D0002498
402,72,3,1307,1319,1331,1343,1361,1379,1397,1415,1433,1451,1469, 0000001P0000001
1487,1505,1523,1541,1559,1571,1583,1601,1619,1637,1655,1673,     0000001P0000002
1691,1709,1727,1745,1763,1781,1799,1817,1835,1853,1871,1889,     0000001P0000003
1901,1913,1925,1937,1955,1973,1991,2009,2027,2045,2063,2081,     0000001P0000004
2099,2117,2135,2153,2171,2189,2207,2225,2237,2249,2261,2273,     0000001P0000005
2291,2309,2327,2345,2363,2381,2399,2417,2435,2453,2471,2485;     0000001P0000006
510,5,1,1,13;                                                    0000003P0000007
190,7,9,11;                                                      0000005P0000008
116,13.416194066,0.,0.,0;                                        0000007P0000009
123,-0.993056946,-0.117634613,0.;                                0000009P0000010
123,0.117634613,-0.993056946,0.;                                 0000011P0000011
508,4,0,15,1,1,0,0,15,2,1,0,0,15,3,1,0,0,15,4,1,0;               0000013P0000012
504,420,17,19,1,19,2,21,19,2,19,3,23,19,3,19,4,25,19,4,19,1,27,  0000015P0000013
19,5,19,6,29,19,6,19,7,31,19,7,19,8,33,19,8,19,5,35,19,9,19,10,  0000015P0000014
37,19,10,19,11,39,19,11,19,12,41,19,12,19,9,43,19,13,19,14,45,   0000015P0000015
19,14,19,15,47,19,15,19,16,49,19,16,19,13,51,19,17,19,18,55,19,  0000015P0000016
18,19,19,57,19,19,19,20,61,19,20,19,17,63,19,21,19,22,65,19,22,  0000015P0000017
19,23,69,19,23,19,24,71,19,24,19,21,75,19,25,19,26,79,19,26,19,  0000015P0000018
27,81,19,27,19,28,85,19,28,19,25,87,19,29,19,30,89,19,30,19,31,  0000015P0000019
93,19,31,19,32,95,19,32,19,29,99,19,33,19,34,101,19,34,19,35,    0000015P0000020
105,19,35,19,36,107,19,36,19,33,111,19,37,19,38,113,19,38,19,39, 0000015P0000021
117,19,39,19,40,119,19,40,19,37,123,19,41,19,42,125,19,42,19,43, 0000015P0000022
129,19,43,19,44,131,19,44,19,41,135,19,45,19,46,139,19,46,19,47, 0000015P0000023
141,19,47,19,48,145,19,48,19,45,147,19,49,19,50,151,19,50,19,51, 0000015P0000024
153,19,51,19,52,157,19,52,19,49,159,19,53,19,54,163,19,54,19,55, 0000015P0000025
165,19,55,19,56,169,19,56,19,53,171,19,57,19,58,175,19,58,19,59, 0000015P0000026
177,19,59,19,60,181,19,60,19,57,183,19,61,19,62,187,19,62,19,63, 0000015P0000027
189,19,63,19,64,193,19,64,19,61,195,19,65,19,66,197,19,66,19,67, 0000015P0000028
199,19,67,19,68,201,19,68,19,65,203,19,69,19,70,205,19,70,19,71, 0000015P0000029
207,19,71,19,72,209,19,72,19,69,211,19,73,19,74,215,19,74,19,75, 0000015P0000030
217,19,75,19,76,221,19,76,19,73,223,19,77,19,78,227,19,78,19,79, 0000015P0000031
229,19,79,19,80,233,19,80,19,77,235,19,81,19,82,239,19,82,19,83, 0000015P0000032
241,19,83,19,84,245,19,84,19,81,247,19,85,19,86,251,19,86,19,87, 0000015P0000033
253,19,87,19,88,257,19,88,19,85,259,19,89,19,90,263,19,90,19,91, 0000015P0000034
265,19,91,19,92,269,19,92,19,89,271,19,93,19,94,275,19,94,19,95, 0000015P0000035
277,19,95,19,96,281,19,96,19,93,283,19,97,19,98,287,19,98,19,99, 0000015P0000036
289,19,99,19,100,293,19,100,19,97,295,19,101,19,102,299,19,102,  0000015P0000037
19,103,301,19,103,19,104,305,19,104,19,101,307,19,105,19,106,    0000015P0000038
309,19,106,19,107,313,19,107,19,108,315,19,108,19,105,319,19,    0000015P0000039
109,19,110,323,19,110,19,111,325,19,111,19,112,329,19,112,19,    0000015P0000040
109,331,19,113,19,114,335,19,114,19,115,337,19,115,19,116,341,   0000015P0000041
19,116,19,113,343,19,117,19,118,347,19,118,19,119,349,19,119,19, 0000015P0000042
120,353,19,120,19,117,355,19,121,19,122,357,19,122,19,123,361,   0000015P0000043
19,123,19,124,363,19,124,19,121,367,19,125,19,126,369,19,126,19, 0000015P0000044
127,373,19,127,19,128,375,19,128,19,125,379,19,129,19,130,381,   0000015P0000045
19,130,19,131,385,19,131,19,132,387,19,132,19,129,391,19,133,19, 0000015P0000046
134,393,19,134,19,135,397,19,135,19,136,399,19,136,19,133,403,   0000015P0000047
19,137,19,138,405,19,138,19,139,409,19,139,19,140,411,19,140,19, 0000015P0000048
137,415,19,141,19,142,417,19,142,19,143,419,19,143,19,144,421,   0000015P0000049
19,144,19,141,423,19,145,19,146,425,19,146,19,147,427,19,147,19, 0000015P0000050
148,429,19,148,19,145,431,19,149,19,150,433,19,150,19,151,435,   0000015P0000051
19,151,19,152,437,19,152,19,149,439,19,153,19,154,441,19,154,19, 0000015P0000052
155,443,19,155,19,156,445,19,156,19,153,447,19,157,19,158,449,   0000015P0000053
19,158,19,159,453,19,159,19,160,455,19,160,19,157,459,19,161,19, 0000015P0000054
162,461,19,162,19,163,465,19,163,19,164,467,19,164,19,161,471,   0000015P0000055
19,165,19,166,473,19,166,19,167,477,19,167,19,168,479,19,168,19, 0000015P0000056
165,483,19,169,19,170,485,19,170,19,171,489,19,171,19,172,491,   0000015P0000057
19,172,19,169,495,19,173,19,174,497,19,174,19,175,501,19,175,19, 0000015P0000058
176,503,19,176,19,173,507,19,177,19,178,509,19,178,19,179,513,   0000015P0000059
19,179,19,180,515,19,180,19,177,519,19,181,19,182,521,19,182,19, 0000015P0000060
183,525,19,183,19,184,527,19,184,19,181,531,19,185,19,186,533,   0000015P0000061
19,186,19,187,537,19,187,19,188,539,19,188,19,185,543,19,189,19, 0000015P0000062
190,545,19,190,19,191,549,19,191,19,192,551,19,192,19,189,555,   0000015P0000063
19,193,19,194,557,19,194,19,195,561,19,195,19,196,563,19,196,19, 0000015P0000064
193,567,19,197,19,198,569,19,198,19,199,573,19,199,19,200,575,   0000015P0000065
19,200,19,197,579,19,201,19,202,581,19,202,19,203,585,19,203,19, 0000015P0000066
204,587,19,204,19,201,591,19,205,19,206,593,19,206,19,207,597,   0000015P0000067
19,207,19,208,599,19,208,19,205,603,19,209,19,210,605,19,210,19, 0000015P0000068
211,609,19,211,19,212,611,19,212,19,209,615,19,213,19,214,617,   0000015P0000069
19,214,19,215,621,19,215,19,216,623,19,216,19,213,627,19,217,19, 0000015P0000070
218,629,19,218,19,219,633,19,219,19,220,635,19,220,19,217,639,   0000015P0000071
19,221,19,222,641,19,222,19,223,643,19,223,19,224,645,19,224,19, 0000015P0000072
221,647,19,225,19,226,649,19,226,19,227,651,19,227,19,228,653,   0000015P0000073
19,228,19,225,655,19,229,19,230,657,19,230,19,231,659,19,231,19, 0000015P0000074
232,661,19,232,19,229,663,19,233,19,234,665,19,234,19,235,667,   0000015P0000075
19,235,19,236,669,19,236,19,233,671,19,237,19,238,673,19,238,19, 0000015P0000076
239,677,19,239,19,240,679,19,240,19,237,683,19,241,19,242,685,   0000015P0000077
19,242,19,243,689,19,243,19,244,691,19,244,19,241,695,19,245,19, 0000015P0000078
246,697,19,246,19,247,701,19,247,19,248,703,19,248,19,245,707,   0000015P0000079
19,249,19,250,709,19,250,19,251,713,19,251,19,252,715,19,252,19, 0000015P0000080
249,719,19,253,19,254,721,19,254,19,255,725,19,255,19,256,727,   0000015P0000081
19,256,19,253,731,19,257,19,258,733,19,258,19,259,737,19,259,19, 0000015P0000082
260,739,19,260,19,257,743,19,261,19,262,745,19,262,19,263,749,   0000015P0000083
19,263,19,264,751,19,264,19,261,755,19,265,19,266,757,19,266,19, 0000015P0000084
267,761,19,267,19,268,763,19,268,19,265,767,19,269,19,270,769,   0000015P0000085
19,270,19,271,773,19,271,19,272,775,19,272,19,269,779,19,273,19, 0000015P0000086
274,781,19,274,19,275,785,19,275,19,276,787,19,276,19,273,791,   0000015P0000087
19,277,19,278,793,19,278,19,279,797,19,279,19,280,799,19,280,19, 0000015P0000088
277,803,19,281,19,282,807,19,282,19,283,809,19,283,19,284,811,   0000015P0000089
19,284,19,285,813,19,285,19,286,815,19,286,19,287,819,19,287,19, 0000015P0000090
288,823,19,288,19,289,827,19,289,19,290,831,19,290,19,291,835,   0000015P0000091
19,291,19,292,839,19,292,19,293,843,19,293,19,294,847,19,294,19, 0000015P0000092
295,851,19,295,19,296,855,19,296,19,297,859,19,297,19,298,863,   0000015P0000093
19,298,19,299,865,19,299,19,300,867,19,300,19,301,871,19,301,19, 0000015P0000094
302,875,19,302,19,303,879,19,303,19,304,883,19,304,19,305,887,   0000015P0000095
19,305,19,306,891,19,306,19,307,895,19,307,19,308,899,19,308,19, 0000015P0000096
309,903,19,309,19,310,907,19,310,19,281,911,19,311,19,312,915,   0000015P0000097
19,312,19,313,919,19,313,19,314,923,19,314,19,315,927,19,315,19, 0000015P0000098
316,931,19,316,19,317,935,19,317,19,318,937,19,318,19,319,939,   0000015P0000099
19,319,19,320,941,19,320,19,321,943,19,321,19,322,947,19,322,19, 0000015P0000100
323,951,19,323,19,324,955,19,324,19,325,959,19,325,19,326,963,   0000015P0000101
19,326,19,327,967,19,327,19,328,971,19,328,19,329,975,19,329,19, 0000015P0000102
330,979,19,330,19,331,983,19,331,19,332,987,19,332,19,333,991,   0000015P0000103
19,333,19,334,995,19,334,19,335,999,19,335,19,336,1003,19,336,   0000015P0000104
19,337,1007,19,337,19,338,1009,19,338,19,339,1011,19,339,19,340, 0000015P0000105
1013,19,340,19,341,1015,19,341,19,342,1019,19,342,19,343,1023,   0000015P0000106
19,343,19,344,1027,19,344,19,345,1031,19,345,19,346,1035,19,346, 0000015P0000107
19,347,1039,19,347,19,348,1043,19,348,19,349,1047,19,349,19,350, 0000015P0000108
1051,19,350,19,311,1055,19,351,19,352,1057,19,352,19,353,1061,   0000015P0000109
19,353,19,354,1065,19,354,19,355,1069,19,355,19,356,1073,19,356, 0000015P0000110
19,357,1077,19,357,19,358,1081,19,358,19,359,1085,19,359,19,360, 0000015P0000111
1089,19,360,19,361,1093,19,361,19,362,1097,19,362,19,363,1101,   0000015P0000112
19,363,19,364,1105,19,364,19,365,1107,19,365,19,366,1109,19,366, 0000015P0000113
19,367,1113,19,367,19,368,1117,19,368,19,369,1121,19,369,19,370, 0000015P0000114
1125,19,370,19,371,1129,19,371,19,372,1133,19,372,19,373,1137,   0000015P0000115
19,373,19,374,1141,19,374,19,375,1145,19,375,19,376,1149,19,376, 0000015P0000116
19,377,1153,19,377,19,378,1157,19,378,19,379,1159,19,379,19,380, 0000015P0000117
1161,19,380,19,351,1163,19,381,19,382,1167,19,382,19,383,1171,   0000015P0000118
19,383,19,384,1175,19,384,19,385,1179,19,385,19,386,1183,19,386, 0000015P0000119
19,387,1187,19,387,19,388,1191,19,388,19,389,1195,19,389,19,390, 0000015P0000120
1199,19,390,19,391,1203,19,391,19,392,1207,19,392,19,393,1211,   0000015P0000121
19,393,19,394,1213,19,394,19,395,1215,19,395,19,396,1217,19,396, 0000015P0000122
19,397,1219,19,397,19,398,1223,19,398,19,399,1227,19,399,19,400, 0000015P0000123
1231,19,400,19,401,1235,19,401,19,402,1239,19,402,19,403,1243,   0000015P0000124
19,403,19,404,1247,19,404,19,405,1251,19,405,19,406,1255,19,406, 0000015P0000125
19,407,1259,19,407,19,408,1263,19,408,19,409,1267,19,409,19,410, 0000015P0000126
1271,19,410,19,411,1275,19,411,19,412,1279,19,412,19,413,1283,   0000015P0000127
19,413,19,414,1285,19,414,19,415,1287,19,415,19,416,1289,19,416, 0000015P0000128
19,417,1291,19,417,19,418,1295,19,418,19,419,1299,19,419,19,420, 0000015P0000129
1303,19,420,19,381;                                              0000015P0000130
110,6.634527,57.25,25.,6.190313,61.,25.;                         0000017P0000131
502,420,6.634527,57.25,25.,6.190313,61.,25.,6.190313,61.,0.,     0000019P0000132
6.634527,57.25,0.,6.190313,61.,25.,32.032286,61.,25.,32.032286,  0000019P0000133
61.,0.,6.190313,61.,0.,32.032286,61.,25.,57.874259,61.,25.,      0000019P0000134
57.874259,61.,0.,32.032286,61.,0.,57.874259,61.,25.,57.42855,    0000019P0000135
57.75,25.,57.42855,57.75,0.,57.874259,61.,0.,57.42855,           0000019P0000136
57.750000001,25.,57.170477,55.553954001,25.,57.170477,           0000019P0000137
55.553954001,0.,57.42855,57.750000001,0.,56.521524192,           0000019P0000138
48.852734951,25.,56.521524046,48.852734981,0.,57.170477046,      0000019P0000139
55.553953982,0.,57.170477192,55.553953951,25.,55.77144105,       0000019P0000140
40.870882999,0.,56.52152405,48.852734999,0.,56.521524,48.852735, 0000019P0000141
25.,55.771441,40.870883,25.,54.966690431,32.02526885,25.,        0000019P0000142
54.966690007,32.025268951,0.,55.771441007,40.870882951,0.,       0000019P0000143
55.771441431,40.87088285,25.,54.966689988,32.025268866,0.,       0000019P0000144
54.966689989,32.025268874,25.,54.141505,23.36,25.,54.141505,     0000019P0000145
23.36,0.,53.329735999,15.948888989,25.,53.329735999,             0000019P0000146
15.948888989,0.,54.141504997,23.359999974,0.,54.141504997,       0000019P0000147
23.359999974,25.,53.329736075,15.948888976,0.,53.329736001,      0000019P0000148
15.948888999,25.,52.552921004,9.510177998,25.,52.552921078,      0000019P0000149
9.510177975,0.,52.552921,9.510178,25.,52.225269,8.857425,25.,    0000019P0000150
52.225269,8.857425,0.,52.552921,9.510178,0.,52.225269001,        0000019P0000151
8.857425,25.,51.625094001,8.496336,25.,51.625094,8.496336,0.,    0000019P0000152
52.225269,8.857425001,0.,51.625094011,8.496336004,25.,           0000019P0000153
48.806878011,7.581258003,25.,48.806878011,7.581258003,0.,        0000019P0000154
51.625094011,8.496336003,0.,48.806877974,7.581257991,25.,        0000019P0000155
45.450134973,6.562746992,25.,45.450134973,6.562746992,0.,        0000019P0000156
48.806877974,7.581257991,0.,45.450134981,6.562746995,25.,        0000019P0000157
41.606654981,5.486335995,25.,41.606654981,5.486335995,0.,        0000019P0000158
45.450134981,6.562746994,0.,41.606655,5.486336,25.,31.713309,    0000019P0000159
2.808362,25.,31.713309,2.808362,0.,41.606655,5.486336,0.,        0000019P0000160
31.713309,2.808362,25.,22.106655,5.506391,25.,22.106655,         0000019P0000161
5.506391,0.,31.713309,2.808362,0.,22.106655014,5.506390996,25.,  0000019P0000162
18.365466014,6.596867996,25.,18.365466014,6.596867996,0.,        0000019P0000163
22.106655014,5.506390996,0.,18.365466022,6.596867994,25.,        0000019P0000164
15.077046022,7.641445993,25.,15.077046022,7.641445993,0.,        0000019P0000165
18.365466022,6.596867993,0.,15.077046003,7.641445999,25.,        0000019P0000166
12.334919003,8.580113999,25.,12.334919003,8.580113999,0.,        0000019P0000167
15.077046003,7.641445999,0.,12.334919,8.580114,25.,11.666268,    0000019P0000168
8.985943,25.,11.666268,8.985943,0.,12.334919,8.580114,0.,        0000019P0000169
11.666268,8.985943,25.,11.293094,9.717807,25.,11.293094,         0000019P0000170
9.717807,0.,11.666268,8.985943,0.,11.293094131,9.717806938,25.,  0000019P0000171
10.526105134,15.961108936,25.,10.526105104,15.961108928,0.,      0000019P0000172
11.293094101,9.71780693,0.,10.526105,15.961109,25.,9.735272,     0000019P0000173
23.195688,25.,9.735272,23.195688,0.,10.526105,15.961109,0.,      0000019P0000174
9.735272,23.195688,25.,8.955637999,31.633732008,25.,8.955638,    0000019P0000175
31.633732,0.,9.735272,23.195688,0.,8.20437525,40.282090947,25.,  0000019P0000176
8.204375043,40.282090974,0.,8.955638043,31.633731974,0.,         0000019P0000177
8.95563825,31.633731947,25.,7.49959105,48.178346001,0.,          0000019P0000178
8.20437505,40.282091001,0.,8.204375003,40.282090997,25.,         0000019P0000179
7.499591003,48.178345997,25.,6.89338905,54.796411999,0.,         0000019P0000180
7.49959105,48.178345999,0.,7.499591,48.178346,25.,6.893389001,   0000019P0000181
54.796412,25.,6.893388999,54.796412014,25.,6.634526998,          0000019P0000182
57.250000014,25.,6.634526998,57.250000014,0.,6.893388999,        0000019P0000183
54.796412014,0.,45.106787,46.477318,0.,45.106787,46.477318,25.,  0000019P0000184
44.,47.,25.,44.,47.,0.,44.,47.,0.,44.,47.,25.,42.945848,         0000019P0000185
46.746716,25.,42.945848,46.746716,0.,42.945848,46.746716,0.,     0000019P0000186
42.945848,46.746716,25.,42.340909,46.0625,25.,42.340909,46.0625, 0000019P0000187
0.,42.340909,46.062500001,0.,42.340909,46.062500001,25.,         0000019P0000188
42.061504,44.640147001,25.,42.061504,44.640147001,0.,42.061504,  0000019P0000189
44.640147,0.,42.061504,44.640147,25.,42.,41.5,25.,42.,41.5,0.,   0000019P0000190
42.,41.5,0.,42.,41.5,25.,42.,36.,25.,42.,36.,0.,42.,36.,0.,42.,  0000019P0000191
36.,25.,32.,36.,25.,32.,36.,0.,32.,36.,0.,32.,36.,25.,22.,36.,   0000019P0000192
25.,22.,36.,0.,22.,36.,0.,22.,36.,25.,22.,41.5,25.,22.,41.5,0.,  0000019P0000193
22.,41.5,0.,22.,41.5,25.,21.938496,44.640147,25.,21.938496,      0000019P0000194
44.640147,0.,21.938496,44.640147,0.,21.938496,44.640147,25.,     0000019P0000195
21.659091,46.0625,25.,21.659091,46.0625,0.,21.659091,46.0625,0., 0000019P0000196
21.659091,46.0625,25.,21.054152,46.746716,25.,21.054152,         0000019P0000197
46.746716,0.,21.054152,46.746716,0.,21.054152,46.746716,25.,20., 0000019P0000198
47.,25.,20.,47.,0.,20.,47.,0.,20.,47.,25.,18.893213,46.477318,   0000019P0000199
25.,18.893213,46.477318,0.,18.893213,46.477318,0.,18.893213,     0000019P0000200
46.477318,25.,18.288462,45.125,25.,18.288462,45.125,0.,          0000019P0000201
18.288462,45.125000002,0.,18.288462,45.125000002,25.,18.04363,   0000019P0000202
42.134523001,25.,18.04363,42.134523001,0.,18.04363,42.134523001, 0000019P0000203
0.,18.04363,42.134523001,25.,18.,34.000000001,25.,18.,           0000019P0000204
34.000000001,0.,18.,34.,0.,18.,34.,25.,18.04363,25.865477,25.,   0000019P0000205
18.04363,25.865477,0.,18.04363,25.865477,0.,18.04363,25.865477,  0000019P0000206
25.,18.288462,22.875,25.,18.288462,22.875,0.,18.288462,22.875,   0000019P0000207
0.,18.288462,22.875,25.,18.893213,21.522682,25.,18.893213,       0000019P0000208
21.522682,0.,18.893213,21.522682,0.,18.893213,21.522682,25.,20., 0000019P0000209
21.,25.,20.,21.,0.,20.,21.,0.,20.,21.,25.,21.054152,21.253284,   0000019P0000210
25.,21.054152,21.253284,0.,21.054152,21.253284,0.,21.054152,     0000019P0000211
21.253284,25.,21.659091,21.9375,25.,21.659091,21.9375,0.,        0000019P0000212
21.659091,21.937499999,0.,21.659091,21.937499999,25.,21.938496,  0000019P0000213
23.359852999,25.,21.938496,23.359852999,0.,21.938496,23.359853,  0000019P0000214
0.,21.938496,23.359853,25.,22.,26.5,25.,22.,26.5,0.,22.,26.5,0., 0000019P0000215
22.,26.5,25.,22.,32.,25.,22.,32.,0.,22.,32.,0.,22.,32.,25.,32.,  0000019P0000216
32.,25.,32.,32.,0.,32.,32.,0.,32.,32.,25.,42.,32.,25.,42.,32.,   0000019P0000217
0.,42.,32.,0.,42.,32.,25.,42.,26.5,25.,42.,26.5,0.,42.,26.5,0.,  0000019P0000218
42.,26.5,25.,42.061504,23.359853,25.,42.061504,23.359853,0.,     0000019P0000219
42.061504,23.359853,0.,42.061504,23.359853,25.,42.340909,        0000019P0000220
21.9375,25.,42.340909,21.9375,0.,42.340909,21.9375,0.,42.340909, 0000019P0000221
21.9375,25.,42.945848,21.253284,25.,42.945848,21.253284,0.,      0000019P0000222
42.945848,21.253284,0.,42.945848,21.253284,25.,44.,21.,25.,44.,  0000019P0000223
21.,0.,44.,21.,0.,44.,21.,25.,45.106787,21.522682,25.,45.106787, 0000019P0000224
21.522682,0.,45.106787,21.522682,0.,45.106787,21.522682,25.,     0000019P0000225
45.711538,22.875,25.,45.711538,22.875,0.,45.711538,22.874999998, 0000019P0000226
0.,45.711538,22.874999998,25.,45.95637,25.865476999,25.,         0000019P0000227
45.95637,25.865476999,0.,45.95637,25.865476999,0.,45.95637,      0000019P0000228
25.865476999,25.,46.,33.999999999,25.,46.,33.999999999,0.,46.,   0000019P0000229
34.,0.,46.,34.,25.,45.95637,42.134523,25.,45.95637,42.134523,0., 0000019P0000230
45.95637,42.134523,0.,45.95637,42.134523,25.,45.711538,45.125,   0000019P0000231
25.,45.711538,45.125,0.,45.711538,45.125,0.,45.711538,45.125,    0000019P0000232
25.,45.106787,46.477318,25.,45.106787,46.477318,0.,6.893389315,  0000019P0000233
54.796412001,0.,6.634526998,57.250000014,0.,6.190313,61.,0.,     0000019P0000234
32.032286,61.,0.,57.874259,61.,0.,57.42855,57.750000001,0.,      0000019P0000235
57.170477209,55.553953947,0.,56.521524324,48.852734947,0.,       0000019P0000236
55.771441374,40.870882911,0.,54.966690248,32.025268776,0.,       0000019P0000237
54.141504981,23.359999811,0.,53.329736112,15.948888869,0.,       0000019P0000238
52.552921118,9.510177925,0.,52.225269001,8.857425,0.,            0000019P0000239
51.625094011,8.496336004,0.,48.806877985,7.581257995,0.,         0000019P0000240
45.450134954,6.562746987,0.,41.606654981,5.486335995,0.,         0000019P0000241
31.713309,2.808362,0.,22.106655014,5.506390996,0.,18.365466036,  0000019P0000242
6.59686799,0.,15.077046025,7.641445992,0.,12.334919003,          0000019P0000243
8.580113999,0.,11.666268,8.985943,0.,11.293094161,9.717806923,   0000019P0000244
0.,10.526105161,15.961108923,0.,9.735271999,23.195688004,0.,     0000019P0000245
8.955638232,31.633731955,0.,8.204375239,40.282090943,0.,         0000019P0000246
7.499591323,48.178345979,0.,45.711538,45.125000001,0.,45.106787, 0000019P0000247
46.477318001,0.,44.,47.,0.,42.945848,46.746716,0.,42.340909,     0000019P0000248
46.062500001,0.,42.061504,44.640147001,0.,42.,41.5,0.,42.,36.,   0000019P0000249
0.,32.,36.,0.,22.,36.,0.,22.,41.5,0.,21.938496,44.640147,0.,     0000019P0000250
21.659091,46.0625,0.,21.054152,46.746716,0.,20.,47.,0.,          0000019P0000251
18.893213,46.477318,0.,18.288462,45.125000001,0.,18.04363,       0000019P0000252
42.134523002,0.,18.,34.000000001,0.,18.04363,25.865477,0.,       0000019P0000253
18.288462,22.874999999,0.,18.893213,21.522681999,0.,20.,21.,0.,  0000019P0000254
21.054152,21.253284,0.,21.659091,21.937499999,0.,21.938496,      0000019P0000255
23.359852999,0.,22.,26.5,0.,22.,32.,0.,32.,32.,0.,42.,32.,0.,    0000019P0000256
42.,26.5,0.,42.061504,23.359853,0.,42.340909,21.9375,0.,         0000019P0000257
42.945848,21.253284,0.,44.,21.,0.,45.106787,21.522682,0.,        0000019P0000258
45.711538,22.874999999,0.,45.95637,25.865476998,0.,46.,          0000019P0000259
33.999999999,0.,45.95637,42.134523,0.,6.190313,61.,25.,          0000019P0000260
6.634526998,57.250000014,25.,6.893389387,54.796412007,25.,       0000019P0000261
7.499591519,48.178345997,25.,8.204375229,40.282090942,25.,       0000019P0000262
8.955638098,31.633731944,25.,9.735271999,23.195688004,25.,       0000019P0000263
10.526105118,15.961108918,25.,11.293094119,9.717806918,25.,      0000019P0000264
11.666268,8.985943,25.,12.334919003,8.580113999,25.,             0000019P0000265
15.077046025,7.641445992,25.,18.365466036,6.596867989,25.,       0000019P0000266
22.106655014,5.506390996,25.,31.713309,2.808362,25.,             0000019P0000267
41.606654981,5.486335995,25.,45.450134954,6.562746986,25.,       0000019P0000268
48.806877985,7.581257995,25.,51.625094011,8.496336004,25.,       0000019P0000269
52.225269,8.857425001,25.,52.552921312,9.510177901,25.,          0000019P0000270
53.329736306,15.948888846,25.,54.141504981,23.359999811,25.,     0000019P0000271
54.966689998,32.025268798,25.,55.771441187,40.870882928,25.,     0000019P0000272
56.521524287,48.852734951,25.,57.17047711,55.553953957,25.,      0000019P0000273
57.42855,57.750000001,25.,57.874259,61.,25.,32.032286,61.,25.,   0000019P0000274
44.,47.,25.,45.106787,46.477318001,25.,45.711538,45.125000001,   0000019P0000275
25.,45.95637,42.134523,25.,46.,33.999999999,25.,45.95637,        0000019P0000276
25.865476998,25.,45.711538,22.874999999,25.,45.106787,21.522682, 0000019P0000277
25.,44.,21.,25.,42.945848,21.253284,25.,42.340909,21.9375,25.,   0000019P0000278
42.061504,23.359853,25.,42.,26.5,25.,42.,32.,25.,32.,32.,25.,    0000019P0000279
22.,32.,25.,22.,26.5,25.,21.938496,23.359852999,25.,21.659091,   0000019P0000280
21.937499999,25.,21.054152,21.253284,25.,20.,21.,25.,18.893213,  0000019P0000281
21.522681999,25.,18.288462,22.874999999,25.,18.04363,25.865477,  0000019P0000282
25.,18.,34.000000001,25.,18.04363,42.134523002,25.,18.288462,    0000019P0000283
45.125000001,25.,18.893213,46.477318,25.,20.,47.,25.,21.054152,  0000019P0000284
46.746716,25.,21.659091,46.0625,25.,21.938496,44.640147,25.,22., 0000019P0000285
41.5,25.,22.,36.,25.,32.,36.,25.,42.,36.,25.,42.,41.5,25.,       0000019P0000286
42.061504,44.640147001,25.,42.340909,46.062500001,25.,42.945848, 0000019P0000287
46.746716,25.;                                                   0000019P0000288
110,6.190313,61.,25.,6.190313,61.,0.;                            0000021P0000289
110,6.190313,61.,0.,6.634527,57.25,0.;                           0000023P0000290
110,6.634527,57.25,0.,6.634527,57.25,25.;                        0000025P0000291
110,6.190313,61.,25.,32.032286,61.,25.;                          0000027P0000292
110,32.032286,61.,25.,32.032286,61.,0.;                          0000029P0000293
110,32.032286,61.,0.,6.190313,61.,0.;                            0000031P0000294
110,6.190313,61.,0.,6.190313,61.,25.;                            0000033P0000295
110,32.032286,61.,25.,57.874259,61.,25.;                         0000035P0000296
110,57.874259,61.,25.,57.874259,61.,0.;                          0000037P0000297
110,57.874259,61.,0.,32.032286,61.,0.;                           0000039P0000298
110,32.032286,61.,0.,32.032286,61.,25.;                          0000041P0000299
110,57.874259,61.,25.,57.42855,57.75,25.;                        0000043P0000300
110,57.42855,57.75,25.,57.42855,57.75,0.;                        0000045P0000301
110,57.42855,57.75,0.,57.874259,61.,0.;                          0000047P0000302
110,57.874259,61.,0.,57.874259,61.,25.;                          0000049P0000303
100,0.,0.,0.,57.216864351,-2.210745796,57.259557832,             0000051P0000304
-1.421085472E-14;                                                0000051P0000305
124,-0.995233961,-9.751595958E-02,0.,114.15713356,               0000053P0000306
9.751595958E-02,-0.995233961,0.,49.970233274,0.,0.,1.,25.;       0000053P0000307
110,57.170477,55.553954,25.,57.170477,55.553954,0.;              0000055P0000308
100,0.,0.,0.,57.259557832,0.,57.216864351,2.210745796;           0000057P0000309
124,-0.995233961,9.751595958E-02,0.,114.15713356,                0000059P0000310
9.751595958E-02,0.995233961,0.,49.970233274,0.,0.,-1.,0.;        0000059P0000311
110,57.42855,57.75,0.,57.42855,57.75,25.;                        0000061P0000312
110,56.521524,48.852735,25.,56.521524,48.852735,0.;              0000063P0000313
100,0.,0.,0.,2.979013479E+03,0.,2.979005871E+03,6.732564014;     0000065P0000314
124,-0.995451918,9.526531046E-02,0.,3.021986205E+03,             0000067P0000315
9.526531046E-02,0.995451918,0.,-234.943909028,0.,0.,-1.,0.;      0000067P0000316
110,57.170477,55.553954,0.,57.170477,55.553954,25.;              0000069P0000317
100,0.,0.,0.,2.979005871E+03,-6.732564014,2.979013479E+03,       0000071P0000318
-7.105427358E-13;                                                0000071P0000319
124,-0.995451918,-9.526531046E-02,0.,3.021986205E+03,            0000073P0000320
9.526531046E-02,-0.995451918,0.,-234.943909028,0.,0.,1.,25.;     0000073P0000321
100,0.,0.,0.,2.341420674E+03,1.421085472E-14,2.341406949E+03,    0000075P0000322
8.017006765;                                                     0000075P0000323
124,-0.995772235,9.185671442E-02,0.,2.387293139E+03,             0000077P0000324
9.185671442E-02,0.995772235,0.,-174.2043272,0.,0.,-1.,0.;        0000077P0000325
110,56.521524,48.852735,0.,56.521524,48.852735,25.;              0000079P0000326
100,0.,0.,0.,2.341406949E+03,-8.017006765,2.341420674E+03,       0000081P0000327
-5.897504707E-13;                                                0000081P0000328
124,-0.995772235,-9.185671442E-02,0.,2.387293139E+03,            0000083P0000329
9.185671442E-02,-0.995772235,0.,-174.2043272,0.,0.,1.,25.;       0000083P0000330
110,55.771441,40.870883,25.,55.771441,40.870883,0.;              0000085P0000331
110,54.96669,32.025269,25.,54.96669,32.025269,0.;                0000087P0000332
100,0.,0.,0.,3.524662369E+03,0.,3.524651178E+03,8.882138593;     0000089P0000333
124,-0.99600044,8.934833131E-02,0.,3.565531959E+03,              0000091P0000334
8.934833131E-02,0.99600044,0.,-282.897432253,0.,0.,-1.,0.;       0000091P0000335
110,55.771441,40.870883,0.,55.771441,40.870883,25.;              0000093P0000336
100,0.,0.,0.,3.524651177E+03,-8.882138592,3.524662368E+03,       0000095P0000337
-8.526512829E-13;                                                0000095P0000338
124,-0.99600044,-8.934833131E-02,0.,3.565531959E+03,             0000097P0000339
8.934833131E-02,-0.99600044,0.,-282.897432253,0.,0.,1.,25.;      0000097P0000340
110,54.96669,32.025269,0.,54.96669,32.025269,25.;                0000099P0000341
100,0.,0.,0.,795.032394689,-8.704340687,795.080042607,           0000101P0000342
-2.131628207E-13;                                                0000101P0000343
124,0.994962479,-0.100248017,0.,-736.933305408,-0.100248017,     0000103P0000344
-0.994962479,0.,103.065197379,0.,-0.,-1.,25.;                    0000103P0000345
110,54.141505,23.36,25.,54.141505,23.36,0.;                      0000105P0000346
100,0.,0.,0.,795.080042607,1.065814104E-14,795.032394689,        0000107P0000347
8.704340687;                                                     0000107P0000348
124,0.994962479,0.100248017,0.,-736.933305408,-0.100248017,      0000109P0000349
0.994962479,0.,103.065197379,0.,0.,1.,0.;                        0000109P0000350
110,53.329736,15.948889,25.,53.329736,15.948889,0.;              0000111P0000351
100,0.,0.,0.,429.369794416,0.,429.305067535,7.455155639;         0000113P0000352
124,0.993071825,0.117508941,0.,-373.065309178,-0.117508941,      0000115P0000353
0.993071825,0.,66.403678708,0.,0.,1.,0.;                         0000115P0000354
110,54.141505,23.36,0.,54.141505,23.36,25.;                      0000117P0000355
100,0.,0.,0.,429.305067535,-7.455155639,429.369794416,           0000119P0000356
-1.065814104E-13;                                                0000119P0000357
124,0.993071825,-0.117508941,0.,-373.065309178,-0.117508941,     0000121P0000358
-0.993071825,0.,66.403678708,0.,-0.,-1.,25.;                     0000121P0000359
110,53.329736,15.948889,0.,53.329736,15.948889,25.;              0000123P0000360
100,0.,0.,0.,1.418491432E+03,-6.485385192,1.418506258E+03,       0000125P0000361
-3.463895837E-13;                                                0000125P0000362
124,0.992524171,-0.122048229,0.,-1.355348826E+03,-0.122048229,   0000127P0000363
-0.992524171,0.,182.636354396,0.,-0.,-1.,25.;                    0000127P0000364
110,52.552921,9.510178,25.,52.552921,9.510178,0.;                0000129P0000365
100,0.,0.,0.,1.418506258E+03,1.421085472E-14,1.418491432E+03,    0000131P0000366
6.485385194;                                                     0000131P0000367
124,0.992524171,0.122048229,0.,-1.355348826E+03,-0.122048229,    0000133P0000368
0.992524171,0.,182.636354396,0.,0.,1.,0.;                        0000133P0000369
100,0.,0.,0.,0.840752836,-0.687862683,1.08628744,0.;             0000135P0000370
124,0.690898561,-0.722951712,0.,51.474754571,-0.722951712,       0000137P0000371
-0.690898561,0.,9.642758365,0.,-0.,-1.,25.;                      0000137P0000372
110,52.225269,8.857425,25.,52.225269,8.857425,0.;                0000139P0000373
100,0.,0.,0.,1.08628744,0.,0.840752836,0.687862683;              0000141P0000374
124,0.690898561,0.722951712,0.,51.474754571,-0.722951712,        0000143P0000375
0.690898561,0.,9.642758365,0.,0.,1.,0.;                          0000143P0000376
110,52.552921,9.510178,0.,52.552921,9.510178,25.;                0000145P0000377
100,0.,0.,0.,1.443276609,-0.683373458,1.59688655,                0000147P0000378
-7.105427358E-15;                                                0000147P0000379
124,0.315057632,-0.949072541,0.,51.121982706,-0.949072541,       0000149P0000380
-0.315057632,0.,10.011897176,0.,-0.,-1.,25.;                     0000149P0000381
110,51.625094,8.496336,25.,51.625094,8.496336,0.;                0000151P0000382
100,0.,0.,0.,1.596886549,0.,1.443276608,0.683373458;             0000153P0000383
124,0.315057632,0.949072541,0.,51.121982706,-0.949072541,        0000155P0000384
0.315057632,0.,10.011897176,0.,0.,1.,0.;                         0000155P0000385
110,52.225269,8.857425,0.,52.225269,8.857425,25.;                0000157P0000386
100,0.,0.,0.,225.96358547,-2.962993725,225.983011066,            0000159P0000387
-5.684341886E-14;                                                0000159P0000388
124,0.302586885,-0.953121806,0.,-19.572617358,-0.953121806,      0000161P0000389
-0.302586885,0.,222.970593634,0.,-0.,-1.,25.;                    0000161P0000390
110,48.806878,7.581258,25.,48.806878,7.581258,0.;                0000163P0000391
100,0.,0.,0.,225.983011066,-1.421085472E-14,225.96358547,        0000165P0000392
2.962993725;                                                     0000165P0000393
124,0.302586885,0.953121806,0.,-19.572617358,-0.953121806,       0000167P0000394
0.302586885,0.,222.970593634,0.,0.,1.,0.;                        0000167P0000395
110,51.625094,8.496336,0.,51.625094,8.496336,25.;                0000169P0000396
100,0.,0.,0.,136.858152724,-3.507573028,136.903093594,           0000171P0000397
-2.842170943E-14;                                                0000171P0000398
124,0.278067633,-0.960561498,0.,7.38181576,-0.960561498,         0000173P0000399
-0.278067633,0.,138.06658765,0.,-0.,-1.,25.;                     0000173P0000400
110,45.450135,6.562747,25.,45.450135,6.562747,0.;                0000175P0000401
100,0.,0.,0.,136.903093594,1.421085472E-14,136.858152724,        0000177P0000402
3.507573028;                                                     0000177P0000403
124,0.278067633,0.960561498,0.,7.38181576,-0.960561498,          0000179P0000404
0.278067633,0.,138.06658765,0.,0.,1.,0.;                         0000179P0000405
110,48.806878,7.581258,0.,48.806878,7.581258,25.;                0000181P0000406
100,0.,0.,0.,228.937296557,-3.991213968,228.972084639,           0000183P0000407
-7.815970093E-14;                                                0000183P0000408
124,0.261281749,-0.96526258,0.,-18.219571764,-0.96526258,        0000185P0000409
-0.261281749,0.,226.504521078,0.,-0.,-1.,25.;                    0000185P0000410
110,41.606655,5.486336,25.,41.606655,5.486336,0.;                0000187P0000411
100,0.,0.,0.,228.972084639,7.105427358E-15,228.937296557,        0000189P0000412
3.991213968;                                                     0000189P0000413
124,0.261281749,0.96526258,0.,-18.219571764,-0.96526258,         0000191P0000414
0.261281749,0.,226.504521078,0.,0.,1.,0.;                        0000191P0000415
110,45.450135,6.562747,0.,45.450135,6.562747,25.;                0000193P0000416
110,41.606655,5.486336,25.,31.713309,2.808362,25.;               0000195P0000417
110,31.713309,2.808362,25.,31.713309,2.808362,0.;                0000197P0000418
110,31.713309,2.808362,0.,41.606655,5.486336,0.;                 0000199P0000419
110,41.606655,5.486336,0.,41.606655,5.486336,25.;                0000201P0000420
110,31.713309,2.808362,25.,22.106655,5.506391,25.;               0000203P0000421
110,22.106655,5.506391,25.,22.106655,5.506391,0.;                0000205P0000422
110,22.106655,5.506391,0.,31.713309,2.808362,0.;                 0000207P0000423
110,31.713309,2.808362,0.,31.713309,2.808362,25.;                0000209P0000424
100,0.,0.,0.,198.300942436,-3.896687017,198.339224413,           0000211P0000425
-4.618527782E-14;                                                0000211P0000426
124,-0.289251494,-0.95725314,0.,75.735383039,-0.95725314,        0000213P0000427
0.289251494,0.,196.457713252,-0.,0.,-1.,25.;                     0000213P0000428
110,18.365466,6.596868,25.,18.365466,6.596868,0.;                0000215P0000429
100,0.,0.,0.,198.339224413,-5.329070518E-15,198.300942436,       0000217P0000430
3.896687017;                                                     0000217P0000431
124,-0.289251494,0.95725314,0.,75.735383039,-0.95725314,         0000219P0000432
-0.289251494,0.,196.457713252,0.,0.,1.,0.;                       0000219P0000433
110,22.106655,5.506391,0.,22.106655,5.506391,25.;                0000221P0000434
100,0.,0.,0.,122.067359964,-3.449996133,122.116103942,           0000223P0000435
-2.842170943E-14;                                                0000223P0000436
124,-0.31618046,-0.948699065,0.,53.687771977,-0.948699065,       0000225P0000437
0.31618046,0.,123.492879662,-0.,0.,-1.,25.;                      0000225P0000438
110,15.077046,7.641446,25.,15.077046,7.641446,0.;                0000227P0000439
100,0.,0.,0.,122.116103942,5.329070518E-15,122.067359964,        0000229P0000440
3.449996133;                                                     0000229P0000441
124,-0.31618046,0.948699065,0.,53.687771977,-0.948699065,        0000231P0000442
-0.31618046,0.,123.492879662,0.,0.,1.,0.;                        0000231P0000443
110,18.365466,6.596868,0.,18.365466,6.596868,25.;                0000233P0000444
100,0.,0.,0.,178.668528402,-2.898241813,178.69203353,            0000235P0000445
-5.684341886E-14;                                                0000235P0000446
124,-0.331526449,-0.943445925,0.,71.576054353,-0.943445925,      0000237P0000447
0.331526449,0.,177.16638488,-0.,0.,-1.,25.;                      0000237P0000448
110,12.334919,8.580114,25.,12.334919,8.580114,0.;                0000239P0000449
100,0.,0.,0.,178.69203353,1.776356839E-15,178.668528402,         0000241P0000450
2.898241813;                                                     0000241P0000451
124,-0.331526449,0.943445925,0.,71.576054353,-0.943445925,       0000243P0000452
-0.331526449,0.,177.16638488,0.,0.,1.,0.;                        0000243P0000453
110,15.077046,7.641446,0.,15.077046,7.641446,25.;                0000245P0000454
100,0.,0.,0.,1.736389011,-0.765379135,1.897591109,0.;            0000247P0000455
124,-0.683894929,-0.729580513,0.,12.964020938,-0.729580513,      0000249P0000456
0.683894929,0.,10.370388496,-0.,0.,-1.,25.;                      0000249P0000457
110,11.666268,8.985943,25.,11.666268,8.985943,0.;                0000251P0000458
100,0.,0.,0.,1.897591109,0.,1.736389011,0.765379135;             0000253P0000459
124,-0.683894929,0.729580513,0.,12.964020938,-0.729580513,       0000255P0000460
-0.683894929,0.,10.370388496,0.,0.,1.,0.;                        0000255P0000461
110,12.334919,8.580114,0.,12.334919,8.580114,25.;                0000257P0000462
100,0.,0.,0.,0.931842752,-0.772778267,1.210585463,0.;            0000259P0000463
124,-0.992153282,-0.12502746,0.,12.49418034,-0.12502746,         0000261P0000464
0.992153282,0.,9.869163426,-0.,0.,-1.,25.;                       0000261P0000465
110,11.293094,9.717807,25.,11.293094,9.717807,0.;                0000263P0000466
100,0.,0.,0.,1.210585463,1.776356839E-15,0.931842752,            0000265P0000467
0.772778267;                                                     0000265P0000468
124,-0.992153282,0.12502746,0.,12.49418034,-0.12502746,          0000267P0000469
-0.992153282,0.,9.869163426,0.,0.,1.,0.;                         0000267P0000470
110,11.666268,8.985943,0.,11.666268,8.985943,25.;                0000269P0000471
100,0.,0.,0.,1.008680374E+03,-6.290207256,1.008699987E+03,       0000271P0000472
-2.451372438E-13;                                                0000271P0000473
124,-0.992913668,-0.118837908,0.,1.012078109E+03,-0.118837908,   0000273P0000474
0.992913668,0.,135.832905062,-0.,0.,-1.,25.;                     0000273P0000475
110,10.526105,15.961109,25.,10.526105,15.961109,0.;              0000275P0000476
100,0.,0.,0.,1.008699987E+03,0.,1.008680374E+03,6.290207257;     0000277P0000477
124,-0.992913668,0.118837908,0.,1.012078109E+03,-0.118837908,    0000279P0000478
-0.992913668,0.,135.832905062,0.,0.,1.,0.;                       0000279P0000479
110,11.293094,9.717807,0.,11.293094,9.717807,25.;                0000281P0000480
100,0.,0.,0.,355.290007647,-7.277293226,355.364529083,           0000283P0000481
-8.171241461E-14;                                                0000283P0000482
124,-0.995138949,-9.848082166E-02,0.,363.372355974,              0000285P0000483
-9.848082166E-02,0.995138949,0.,58.192278812,-0.,0.,-1.,25.;     0000285P0000484
110,9.735272,23.195688,25.,9.735272,23.195688,0.;                0000287P0000485
100,0.,0.,0.,355.364529083,7.105427358E-15,355.290007647,        0000289P0000486
7.277293226;                                                     0000289P0000487
124,-0.995138949,9.848082166E-02,0.,363.372355974,               0000291P0000488
-9.848082166E-02,-0.995138949,0.,58.192278812,0.,0.,1.,0.;       0000291P0000489
110,10.526105,15.961109,0.,10.526105,15.961109,25.;              0000293P0000490
100,0.,0.,0.,650.995433436,-8.47380519,651.050581544,            0000295P0000491
-1.598721155E-13;                                                0000295P0000492
124,-0.996336372,-8.552095754E-02,0.,657.621012289,              0000297P0000493
-8.552095754E-02,0.996336372,0.,87.312201152,-0.,0.,-1.,25.;     0000297P0000494
110,8.955638,31.633732,25.,8.955638,31.633732,0.;                0000299P0000495
100,0.,0.,0.,651.050581544,7.105427358E-15,650.995433436,        0000301P0000496
8.47380519;                                                      0000301P0000497
124,-0.996336372,8.552095754E-02,0.,657.621012289,               0000303P0000498
-8.552095754E-02,-0.996336372,0.,87.312201152,0.,0.,1.,0.;       0000303P0000499
110,9.735272,23.195688,0.,9.735272,23.195688,25.;                0000305P0000500
110,8.204375,40.282091,25.,8.204375,40.282091,0.;                0000307P0000501
100,0.,0.,0.,4.238735445E+03,8.526512829E-14,4.238726556E+03,    0000309P0000502
8.680923364;                                                     0000309P0000503
124,0.996159081,8.756189782E-02,0.,-4.214250429E+03,             0000311P0000504
8.756189782E-02,-0.996159081,0.,-330.869629056,0.,0.,-1.,0.;     0000311P0000505
110,8.955638,31.633732,0.,8.955638,31.633732,25.;                0000313P0000506
100,0.,0.,0.,4.238726556E+03,-8.680923365,4.238735445E+03,       0000315P0000507
-1.044497822E-12;                                                0000315P0000508
124,0.996159081,-8.756189782E-02,0.,-4.214250429E+03,            0000317P0000509
8.756189782E-02,0.996159081,0.,-330.869629056,0.,0.,1.,25.;      0000317P0000510
100,0.,0.,0.,2.94927422E+03,-1.421085472E-14,2.949263565E+03,    0000319P0000511
7.927638362;                                                     0000319P0000512
124,0.995919989,9.024065511E-02,0.,-2.929741557E+03,             0000321P0000513
9.024065511E-02,-0.995919989,0.,-217.966091691,0.,0.,-1.,0.;     0000321P0000514
110,8.204375,40.282091,0.,8.204375,40.282091,25.;                0000323P0000515
100,0.,0.,0.,2.949263565E+03,-7.927638361,2.94927422E+03,        0000325P0000516
-7.247535905E-13;                                                0000325P0000517
124,0.995919989,-9.024065511E-02,0.,-2.929741557E+03,            0000327P0000518
9.024065511E-02,0.995919989,0.,-217.966091691,0.,0.,1.,25.;      0000327P0000519
110,7.499591,48.178346,25.,7.499591,48.178346,0.;                0000329P0000520
100,0.,0.,0.,3.390700545E+03,0.,3.390694032E+03,6.64576828;      0000331P0000521
124,0.995741243,9.219206749E-02,0.,-3.369366985E+03,             0000333P0000522
9.219206749E-02,-0.995741243,0.,-257.79928148,0.,0.,-1.,0.;      0000333P0000523
110,7.499591,48.178346,0.,7.499591,48.178346,25.;                0000335P0000524
100,0.,0.,0.,3.390694032E+03,-6.64576828,3.390700545E+03,        0000337P0000525
-8.313350008E-13;                                                0000337P0000526
124,0.995741243,-9.219206749E-02,0.,-3.369366985E+03,            0000339P0000527
9.219206749E-02,0.995741243,0.,-257.79928148,0.,0.,1.,25.;       0000339P0000528
110,6.893389,54.796412,25.,6.893389,54.796412,0.;                0000341P0000529
100,0.,0.,0.,96.407877869,-2.467003775,96.439437072,             0000343P0000530
-2.131628207E-14;                                                0000343P0000531
124,0.993057087,-0.11763342,0.,-89.135339476,0.11763342,         0000345P0000532
0.993057087,0.,45.90549922,0.,0.,1.,25.;                         0000345P0000533
110,6.634527,57.25,25.,6.634527,57.25,0.;                        0000347P0000534
100,0.,0.,0.,96.439437072,-7.105427358E-15,96.407877869,         0000349P0000535
2.467003775;                                                     0000349P0000536
124,0.993057087,0.11763342,0.,-89.135339476,0.11763342,          0000351P0000537
-0.993057087,0.,45.90549922,0.,0.,-1.,0.;                        0000351P0000538
110,6.893389,54.796412,0.,6.893389,54.796412,25.;                0000353P0000539
110,45.106787,46.477318,0.,45.106787,46.477318,25.;              0000355P0000540
100,0.,0.,0.,1.433162229,-7.105427358E-15,0.910481019,           0000357P0000541
1.106787373;                                                     0000357P0000542
124,0.77226988,-0.635294603,0.,43.999998977,0.635294603,         0000359P0000543
0.77226988,0.,45.566837771,0.,0.,1.,25.;                         0000359P0000544
110,44.,47.,25.,44.,47.,0.;                                      0000361P0000545
100,0.,0.,0.,0.910481019,-1.106787373,1.433162229,               0000363P0000546
7.105427358E-15;                                                 0000363P0000547
124,0.77226988,0.635294603,0.,43.999998977,0.635294603,          0000365P0000548
-0.77226988,0.,45.566837771,0.,0.,-1.,0.;                        0000365P0000549
110,44.,47.,0.,44.,47.,25.;                                      0000367P0000550
100,0.,0.,0.,2.320295016,0.,2.067010581,1.054151896;             0000369P0000551
124,4.125781765E-07,-1.,0.,43.999999043,1.,4.125781765E-07,0.,   0000371P0000552
44.679704984,0.,0.,1.,25.;                                       0000371P0000553
110,42.945848,46.746716,25.,42.945848,46.746716,0.;              0000373P0000554
100,0.,0.,0.,2.067010581,-1.054151896,2.320295016,0.;            0000375P0000555
124,4.125781765E-07,1.,0.,43.999999043,1.,-4.125781765E-07,0.,   0000377P0000556
44.679704984,0.,0.,-1.,0.;                                       0000377P0000557
110,42.945848,46.746716,0.,42.945848,46.746716,25.;              0000379P0000558
100,0.,0.,0.,1.246076308,1.421085472E-14,0.911384635,            0000381P0000559
0.849755384;                                                     0000381P0000560
124,-0.45431836,-0.890839395,0.,43.511963345,0.890839395,        0000383P0000561
-0.45431836,0.,45.636662136,0.,0.,1.,25.;                        0000383P0000562
110,42.340909,46.0625,25.,42.340909,46.0625,0.;                  0000385P0000563
100,0.,0.,0.,0.911384635,-0.849755384,1.246076308,               0000387P0000564
-1.421085472E-14;                                                0000387P0000565
124,-0.45431836,0.890839395,0.,43.511963345,0.890839395,         0000389P0000566
0.45431836,0.,45.636662136,0.,0.,-1.,0.;                         0000389P0000567
110,42.340909,46.0625,0.,42.340909,46.0625,25.;                  0000391P0000568
100,0.,0.,0.,4.700652009,-7.105427358E-15,4.477155864,           0000393P0000569
1.432202738;                                                     0000393P0000570
124,-0.939793458,-0.341742969,0.,46.758551005,0.341742969,       0000395P0000571
-0.939793458,0.,44.456085228,0.,0.,1.,25.;                       0000395P0000572
110,42.061504,44.640147,25.,42.061504,44.640147,0.;              0000397P0000573
100,0.,0.,0.,4.477155863,-1.432202738,4.700652008,               0000399P0000574
1.421085472E-14;                                                 0000399P0000575
124,-0.939793458,0.341742969,0.,46.758551005,0.341742969,        0000401P0000576
0.939793458,0.,44.456085228,0.,0.,-1.,0.;                        0000401P0000577
110,42.061504,44.640147,0.,42.061504,44.640147,25.;              0000403P0000578
100,0.,0.,0.,80.194301644,0.,80.132799108,3.140147029;           0000405P0000579
124,-0.999233063,-3.915720084E-02,0.,122.194301644,              0000407P0000580
3.915720084E-02,-0.999233063,0.,41.499962624,0.,0.,1.,25.;       0000407P0000581
110,42.,41.5,25.,42.,41.5,0.;                                    0000409P0000582
100,0.,0.,0.,80.132799108,-3.140147029,80.194301644,             0000411P0000583
-2.131628207E-14;                                                0000411P0000584
124,-0.999233063,3.915720084E-02,0.,122.194301644,               0000413P0000585
3.915720084E-02,0.999233063,0.,41.499962624,0.,0.,-1.,0.;        0000413P0000586
110,42.,41.5,0.,42.,41.5,25.;                                    0000415P0000587
110,42.,41.5,25.,42.,36.,25.;                                    0000417P0000588
110,42.,36.,25.,42.,36.,0.;                                      0000419P0000589
110,42.,36.,0.,42.,41.5,0.;                                      0000421P0000590
110,42.,36.,0.,42.,36.,25.;                                      0000423P0000591
110,42.,36.,25.,32.,36.,25.;                                     0000425P0000592
110,32.,36.,25.,32.,36.,0.;                                      0000427P0000593
110,32.,36.,0.,42.,36.,0.;                                       0000429P0000594
110,32.,36.,0.,32.,36.,25.;                                      0000431P0000595
110,32.,36.,25.,22.,36.,25.;                                     0000433P0000596
110,22.,36.,25.,22.,36.,0.;                                      0000435P0000597
110,22.,36.,0.,32.,36.,0.;                                       0000437P0000598
110,22.,36.,0.,22.,36.,25.;                                      0000439P0000599
110,22.,36.,25.,22.,41.5,25.;                                    0000441P0000600
110,22.,41.5,25.,22.,41.5,0.;                                    0000443P0000601
110,22.,41.5,0.,22.,36.,0.;                                      0000445P0000602
110,22.,41.5,0.,22.,41.5,25.;                                    0000447P0000603
100,0.,0.,0.,80.194301644,0.,80.132799108,3.140147029;           0000449P0000604
124,1.,-4.660694956E-07,0.,-58.194301644,4.660694956E-07,1.,0.,  0000451P0000605
41.499962624,0.,0.,1.,25.;                                       0000451P0000606
110,21.938496,44.640147,25.,21.938496,44.640147,0.;              0000453P0000607
100,0.,0.,0.,80.132799108,-3.140147029,80.194301644,             0000455P0000608
-2.131628207E-14;                                                0000455P0000609
124,1.,4.660694956E-07,0.,-58.194301644,4.660694956E-07,-1.,0.,  0000457P0000610
41.499962624,0.,0.,-1.,0.;                                       0000457P0000611
110,21.938496,44.640147,0.,21.938496,44.640147,25.;              0000459P0000612
100,0.,0.,0.,4.700652009,1.421085472E-14,4.477155864,            0000461P0000613
1.432202738;                                                     0000461P0000614
124,0.999233084,-3.91566471E-02,0.,17.241448995,3.91566471E-02,  0000463P0000615
0.999233084,0.,44.456085228,0.,0.,1.,25.;                        0000463P0000616
110,21.659091,46.0625,25.,21.659091,46.0625,0.;                  0000465P0000617
100,0.,0.,0.,4.477155863,-1.432202738,4.700652008,               0000467P0000618
-7.105427358E-15;                                                0000467P0000619
124,0.999233084,3.91566471E-02,0.,17.241448995,3.91566471E-02,   0000469P0000620
-0.999233084,0.,44.456085228,0.,0.,-1.,0.;                       0000469P0000621
110,21.659091,46.0625,0.,21.659091,46.0625,25.;                  0000471P0000622
100,0.,0.,0.,1.246076308,7.105427358E-15,0.911384635,            0000473P0000623
0.849755384;                                                     0000473P0000624
124,0.939793444,-0.341743007,0.,20.488036655,0.341743007,        0000475P0000625
0.939793444,0.,45.636662136,0.,0.,1.,25.;                        0000475P0000626
110,21.054152,46.746716,25.,21.054152,46.746716,0.;              0000477P0000627
100,0.,0.,0.,0.911384635,-0.849755384,1.246076308,0.;            0000479P0000628
124,0.939793444,0.341743007,0.,20.488036655,0.341743007,         0000481P0000629
-0.939793444,0.,45.636662136,0.,0.,-1.,0.;                       0000481P0000630
110,21.054152,46.746716,0.,21.054152,46.746716,25.;              0000483P0000631
100,0.,0.,0.,2.320295016,3.552713679E-15,2.067010581,            0000485P0000632
1.054151896;                                                     0000485P0000633
124,0.454317678,-0.890839743,0.,20.000000957,0.890839743,        0000487P0000634
0.454317678,0.,44.679704984,0.,0.,1.,25.;                        0000487P0000635
110,20.,47.,25.,20.,47.,0.;                                      0000489P0000636
100,0.,0.,0.,2.067010581,-1.054151896,2.320295016,0.;            0000491P0000637
124,0.454317678,0.890839743,0.,20.000000957,0.890839743,         0000493P0000638
-0.454317678,0.,44.679704984,0.,0.,-1.,0.;                       0000493P0000639
110,20.,47.,0.,20.,47.,25.;                                      0000495P0000640
100,0.,0.,0.,1.433162229,0.,0.910481019,1.106787373;             0000497P0000641
124,-7.136380266E-07,-1.,0.,20.000001023,1.,-7.136380266E-07,0., 0000499P0000642
45.566837771,0.,0.,1.,25.;                                       0000499P0000643
110,18.893213,46.477318,25.,18.893213,46.477318,0.;              0000501P0000644
100,0.,0.,0.,0.910481019,-1.106787373,1.433162229,0.;            0000503P0000645
124,-7.136380266E-07,1.,0.,20.000001023,1.,7.136380266E-07,0.,   0000505P0000646
45.566837771,0.,0.,-1.,0.;                                       0000505P0000647
110,18.893213,46.477318,0.,18.893213,46.477318,25.;              0000507P0000648
100,0.,0.,0.,2.798450769,-7.105427358E-15,2.406361015,           0000509P0000649
1.428549394;                                                     0000509P0000650
124,-0.772269698,-0.635294824,0.,21.05437173,0.635294824,        0000511P0000651
-0.772269698,0.,44.699476711,0.,0.,1.,25.;                       0000511P0000652
110,18.288462,45.125,25.,18.288462,45.125,0.;                    0000513P0000653
100,0.,0.,0.,2.406361015,-1.428549394,2.798450769,0.;            0000515P0000654
124,-0.772269698,0.635294824,0.,21.05437173,0.635294824,         0000517P0000655
0.772269698,0.,44.699476711,0.,0.,-1.,0.;                        0000517P0000656
110,18.288462,45.125,0.,18.288462,45.125,25.;                    0000519P0000657
100,0.,0.,0.,21.159760672,7.105427358E-15,20.947024443,          0000521P0000658
2.992931455;                                                     0000521P0000659
124,-0.988371813,-0.152056437,0.,39.20217301,0.152056437,        0000523P0000660
-0.988371813,0.,41.907522189,0.,0.,1.,25.;                       0000523P0000661
110,18.04363,42.134523,25.,18.04363,42.134523,0.;                0000525P0000662
100,0.,0.,0.,20.947024442,-2.992931455,21.159760671,             0000527P0000663
-7.105427358E-15;                                                0000527P0000664
124,-0.988371813,0.152056437,0.,39.20217301,0.152056437,         0000529P0000665
0.988371813,0.,41.907522189,0.,0.,-1.,0.;                        0000529P0000666
110,18.04363,42.134523,0.,18.04363,42.134523,25.;                0000531P0000667
100,0.,0.,0.,758.267945453,0.,758.224311558,8.134522979;         0000533P0000668
124,-0.999942461,-1.072728969E-02,0.,776.267945453,              0000535P0000669
1.072728969E-02,-0.999942461,0.,34.000363088,0.,0.,1.,25.;       0000535P0000670
110,18.,34.,25.,18.,34.,0.;                                      0000537P0000671
100,0.,0.,0.,758.224311558,-8.134522979,758.267945453,           0000539P0000672
-1.847411113E-13;                                                0000539P0000673
124,-0.999942461,1.072728969E-02,0.,776.267945453,               0000541P0000674
1.072728969E-02,0.999942461,0.,34.000363088,0.,0.,-1.,0.;        0000541P0000675
110,18.,34.,0.,18.,34.,25.;                                      0000543P0000676
100,0.,0.,0.,758.267945453,-7.105427358E-15,758.224311558,       0000545P0000677
8.134522979;                                                     0000545P0000678
124,-1.,-4.788385569E-07,0.,776.267945453,4.788385569E-07,-1.,   0000547P0000679
0.,33.999636912,0.,0.,1.,25.;                                    0000547P0000680
110,18.04363,25.865477,25.,18.04363,25.865477,0.;                0000549P0000681
100,0.,0.,0.,758.224311558,-8.134522979,758.267945453,           0000551P0000682
-1.847411113E-13;                                                0000551P0000683
124,-1.,4.788385569E-07,0.,776.267945453,4.788385569E-07,1.,0.,  0000553P0000684
33.999636912,0.,0.,-1.,0.;                                       0000553P0000685
110,18.04363,25.865477,0.,18.04363,25.865477,25.;                0000555P0000686
100,0.,0.,0.,21.159760672,3.552713679E-15,20.947024443,          0000557P0000687
2.992931455;                                                     0000557P0000688
124,-0.999942454,1.072794795E-02,0.,39.20217301,                 0000559P0000689
-1.072794795E-02,-0.999942454,0.,26.092477811,0.,0.,1.,25.;      0000559P0000690
110,18.288462,22.875,25.,18.288462,22.875,0.;                    0000561P0000691
100,0.,0.,0.,20.947024442,-2.992931455,21.159760671,             0000563P0000692
-7.105427358E-15;                                                0000563P0000693
124,-0.999942454,-1.072794795E-02,0.,39.20217301,                0000565P0000694
-1.072794795E-02,0.999942454,0.,26.092477811,-0.,0.,-1.,0.;      0000565P0000695
110,18.288462,22.875,0.,18.288462,22.875,25.;                    0000567P0000696
100,0.,0.,0.,2.798450769,0.,2.406361015,1.428549394;             0000569P0000697
124,-0.988371767,0.152056736,0.,21.05437173,-0.152056736,        0000571P0000698
-0.988371767,0.,23.300523289,0.,0.,1.,25.;                       0000571P0000699
110,18.893213,21.522682,25.,18.893213,21.522682,0.;              0000573P0000700
100,0.,0.,0.,2.406361015,-1.428549394,2.798450769,               0000575P0000701
3.552713679E-15;                                                 0000575P0000702
124,-0.988371767,-0.152056736,0.,21.05437173,-0.152056736,       0000577P0000703
0.988371767,0.,23.300523289,-0.,0.,-1.,0.;                       0000577P0000704
110,18.893213,21.522682,0.,18.893213,21.522682,25.;              0000579P0000705
100,0.,0.,0.,1.433162229,0.,0.910481019,1.106787373;             0000581P0000706
124,-0.77226988,0.635294603,0.,20.000001023,-0.635294603,        0000583P0000707
-0.77226988,0.,22.433162229,0.,0.,1.,25.;                        0000583P0000708
110,20.,21.,25.,20.,21.,0.;                                      0000585P0000709
100,0.,0.,0.,0.910481019,-1.106787373,1.433162229,               0000587P0000710
-3.552713679E-15;                                                0000587P0000711
124,-0.77226988,-0.635294603,0.,20.000001023,-0.635294603,       0000589P0000712
0.77226988,0.,22.433162229,-0.,0.,-1.,0.;                        0000589P0000713
110,20.,21.,0.,20.,21.,25.;                                      0000591P0000714
100,0.,0.,0.,2.320295016,0.,2.067010581,1.054151896;             0000593P0000715
124,-4.125781888E-07,1.,0.,20.000000957,-1.,-4.125781888E-07,0., 0000595P0000716
23.320295016,0.,0.,1.,25.;                                       0000595P0000717
110,21.054152,21.253284,25.,21.054152,21.253284,0.;              0000597P0000718
100,0.,0.,0.,2.067010581,-1.054151896,2.320295016,0.;            0000599P0000719
124,-4.125781888E-07,-1.,0.,20.000000957,-1.,4.125781888E-07,0., 0000601P0000720
23.320295016,-0.,0.,-1.,0.;                                      0000601P0000721
110,21.054152,21.253284,0.,21.054152,21.253284,25.;              0000603P0000722
100,0.,0.,0.,1.246076308,0.,0.911384635,0.849755384;             0000605P0000723
124,0.45431836,0.890839395,0.,20.488036655,-0.890839395,         0000607P0000724
0.45431836,0.,22.363337864,0.,0.,1.,25.;                         0000607P0000725
110,21.659091,21.9375,25.,21.659091,21.9375,0.;                  0000609P0000726
100,0.,0.,0.,0.911384635,-0.849755384,1.246076308,               0000611P0000727
3.552713679E-15;                                                 0000611P0000728
124,0.45431836,-0.890839395,0.,20.488036655,-0.890839395,        0000613P0000729
-0.45431836,0.,22.363337864,0.,-0.,-1.,0.;                       0000613P0000730
110,21.659091,21.9375,0.,21.659091,21.9375,25.;                  0000615P0000731
100,0.,0.,0.,4.700652009,0.,4.477155864,1.432202738;             0000617P0000732
124,0.939793458,0.341742969,0.,17.241448995,-0.341742969,        0000619P0000733
0.939793458,0.,23.543914772,0.,0.,1.,25.;                        0000619P0000734
110,21.938496,23.359853,25.,21.938496,23.359853,0.;              0000621P0000735
100,0.,0.,0.,4.477155863,-1.432202738,4.700652008,0.;            0000623P0000736
124,0.939793458,-0.341742969,0.,17.241448995,-0.341742969,       0000625P0000737
-0.939793458,0.,23.543914772,0.,-0.,-1.,0.;                      0000625P0000738
110,21.938496,23.359853,0.,21.938496,23.359853,25.;              0000627P0000739
100,0.,0.,0.,80.194301644,3.552713679E-15,80.132799108,          0000629P0000740
3.140147029;                                                     0000629P0000741
124,0.999233063,3.915720084E-02,0.,-58.194301644,                0000631P0000742
-3.915720084E-02,0.999233063,0.,26.500037376,0.,0.,1.,25.;       0000631P0000743
110,22.,26.5,25.,22.,26.5,0.;                                    0000633P0000744
100,0.,0.,0.,80.132799108,-3.140147029,80.194301644,             0000635P0000745
-2.131628207E-14;                                                0000635P0000746
124,0.999233063,-3.915720084E-02,0.,-58.194301644,               0000637P0000747
-3.915720084E-02,-0.999233063,0.,26.500037376,0.,-0.,-1.,0.;     0000637P0000748
110,22.,26.5,0.,22.,26.5,25.;                                    0000639P0000749
110,22.,26.5,25.,22.,32.,25.;                                    0000641P0000750
110,22.,32.,25.,22.,32.,0.;                                      0000643P0000751
110,22.,32.,0.,22.,26.5,0.;                                      0000645P0000752
110,22.,32.,0.,22.,32.,25.;                                      0000647P0000753
110,22.,32.,25.,32.,32.,25.;                                     0000649P0000754
110,32.,32.,25.,32.,32.,0.;                                      0000651P0000755
110,32.,32.,0.,22.,32.,0.;                                       0000653P0000756
110,32.,32.,0.,32.,32.,25.;                                      0000655P0000757
110,32.,32.,25.,42.,32.,25.;                                     0000657P0000758
110,42.,32.,25.,42.,32.,0.;                                      0000659P0000759
110,42.,32.,0.,32.,32.,0.;                                       0000661P0000760
110,42.,32.,0.,42.,32.,25.;                                      0000663P0000761
110,42.,32.,25.,42.,26.5,25.;                                    0000665P0000762
110,42.,26.5,25.,42.,26.5,0.;                                    0000667P0000763
110,42.,26.5,0.,42.,32.,0.;                                      0000669P0000764
110,42.,26.5,0.,42.,26.5,25.;                                    0000671P0000765
100,0.,0.,0.,80.194301644,0.,80.132799108,3.140147029;           0000673P0000766
124,-1.,4.660694886E-07,0.,122.194301644,-4.660694886E-07,-1.,   0000675P0000767
0.,26.500037376,0.,0.,1.,25.;                                    0000675P0000768
110,42.061504,23.359853,25.,42.061504,23.359853,0.;              0000677P0000769
100,0.,0.,0.,80.132799108,-3.140147029,80.194301644,             0000679P0000770
-2.131628207E-14;                                                0000679P0000771
124,-1.,-4.660694886E-07,0.,122.194301644,-4.660694886E-07,1.,   0000681P0000772
0.,26.500037376,-0.,0.,-1.,0.;                                   0000681P0000773
110,42.061504,23.359853,0.,42.061504,23.359853,25.;              0000683P0000774
100,0.,0.,0.,4.700652009,0.,4.477155864,1.432202738;             0000685P0000775
124,-0.999233084,3.91566471E-02,0.,46.758551005,-3.91566471E-02, 0000687P0000776
-0.999233084,0.,23.543914772,0.,0.,1.,25.;                       0000687P0000777
110,42.340909,21.9375,25.,42.340909,21.9375,0.;                  0000689P0000778
100,0.,0.,0.,4.477155863,-1.432202738,4.700652008,               0000691P0000779
-3.552713679E-15;                                                0000691P0000780
124,-0.999233084,-3.91566471E-02,0.,46.758551005,                0000693P0000781
-3.91566471E-02,0.999233084,0.,23.543914772,-0.,0.,-1.,0.;       0000693P0000782
110,42.340909,21.9375,0.,42.340909,21.9375,25.;                  0000695P0000783
100,0.,0.,0.,1.246076308,3.552713679E-15,0.911384635,            0000697P0000784
0.849755384;                                                     0000697P0000785
124,-0.939793444,0.341743007,0.,43.511963345,-0.341743007,       0000699P0000786
-0.939793444,0.,22.363337864,0.,0.,1.,25.;                       0000699P0000787
110,42.945848,21.253284,25.,42.945848,21.253284,0.;              0000701P0000788
100,0.,0.,0.,0.911384635,-0.849755384,1.246076308,               0000703P0000789
-1.776356839E-15;                                                0000703P0000790
124,-0.939793444,-0.341743007,0.,43.511963345,-0.341743007,      0000705P0000791
0.939793444,0.,22.363337864,-0.,0.,-1.,0.;                       0000705P0000792
110,42.945848,21.253284,0.,42.945848,21.253284,25.;              0000707P0000793
100,0.,0.,0.,2.320295016,-7.105427358E-15,2.067010581,           0000709P0000794
1.054151896;                                                     0000709P0000795
124,-0.454317678,0.890839743,0.,43.999999043,-0.890839743,       0000711P0000796
-0.454317678,0.,23.320295016,0.,0.,1.,25.;                       0000711P0000797
110,44.,21.,25.,44.,21.,0.;                                      0000713P0000798
100,0.,0.,0.,2.067010581,-1.054151896,2.320295016,               0000715P0000799
7.105427358E-15;                                                 0000715P0000800
124,-0.454317678,-0.890839743,0.,43.999999043,-0.890839743,      0000717P0000801
0.454317678,0.,23.320295016,-0.,0.,-1.,0.;                       0000717P0000802
110,44.,21.,0.,44.,21.,25.;                                      0000719P0000803
100,0.,0.,0.,1.433162229,0.,0.910481019,1.106787373;             0000721P0000804
124,7.136380415E-07,1.,0.,43.999998977,-1.,7.136380415E-07,0.,   0000723P0000805
22.433162229,0.,0.,1.,25.;                                       0000723P0000806
110,45.106787,21.522682,25.,45.106787,21.522682,0.;              0000725P0000807
100,0.,0.,0.,0.910481019,-1.106787373,1.433162229,0.;            0000727P0000808
124,7.136380415E-07,-1.,0.,43.999998977,-1.,-7.136380415E-07,0., 0000729P0000809
22.433162229,0.,-0.,-1.,0.;                                      0000729P0000810
110,45.106787,21.522682,0.,45.106787,21.522682,25.;              0000731P0000811
100,0.,0.,0.,2.798450769,0.,2.406361015,1.428549394;             0000733P0000812
124,0.772269698,0.635294824,0.,42.94562827,-0.635294824,         0000735P0000813
0.772269698,0.,23.300523289,0.,0.,1.,25.;                        0000735P0000814
110,45.711538,22.875,25.,45.711538,22.875,0.;                    0000737P0000815
100,0.,0.,0.,2.406361015,-1.428549394,2.798450769,0.;            0000739P0000816
124,0.772269698,-0.635294824,0.,42.94562827,-0.635294824,        0000741P0000817
-0.772269698,0.,23.300523289,0.,-0.,-1.,0.;                      0000741P0000818
110,45.711538,22.875,0.,45.711538,22.875,25.;                    0000743P0000819
100,0.,0.,0.,21.159760672,0.,20.947024443,2.992931455;           0000745P0000820
124,0.988371813,0.152056437,0.,24.79782699,-0.152056437,         0000747P0000821
0.988371813,0.,26.092477811,0.,0.,1.,25.;                        0000747P0000822
110,45.95637,25.865477,25.,45.95637,25.865477,0.;                0000749P0000823
100,0.,0.,0.,20.947024442,-2.992931455,21.159760671,             0000751P0000824
-7.105427358E-15;                                                0000751P0000825
124,0.988371813,-0.152056437,0.,24.79782699,-0.152056437,        0000753P0000826
-0.988371813,0.,26.092477811,0.,-0.,-1.,0.;                      0000753P0000827
110,45.95637,25.865477,0.,45.95637,25.865477,25.;                0000755P0000828
100,0.,0.,0.,758.267945453,0.,758.224311558,8.134522979;         0000757P0000829
124,0.999942461,1.072728969E-02,0.,-712.267945453,               0000759P0000830
-1.072728969E-02,0.999942461,0.,33.999636912,0.,0.,1.,25.;       0000759P0000831
110,46.,34.,25.,46.,34.,0.;                                      0000761P0000832
100,0.,0.,0.,758.224311558,-8.134522979,758.267945453,           0000763P0000833
-1.847411113E-13;                                                0000763P0000834
124,0.999942461,-1.072728969E-02,0.,-712.267945453,              0000765P0000835
-1.072728969E-02,-0.999942461,0.,33.999636912,0.,-0.,-1.,0.;     0000765P0000836
110,46.,34.,0.,46.,34.,25.;                                      0000767P0000837
100,0.,0.,0.,758.267945453,0.,758.224311558,8.134522979;         0000769P0000838
124,1.,4.788385586E-07,0.,-712.267945453,-4.788385586E-07,1.,0., 0000771P0000839
34.000363088,0.,0.,1.,25.;                                       0000771P0000840
110,45.95637,42.134523,25.,45.95637,42.134523,0.;                0000773P0000841
100,0.,0.,0.,758.224311558,-8.134522979,758.267945453,           0000775P0000842
-1.847411113E-13;                                                0000775P0000843
124,1.,-4.788385586E-07,0.,-712.267945453,-4.788385586E-07,-1.,  0000777P0000844
0.,34.000363088,0.,-0.,-1.,0.;                                   0000777P0000845
110,45.95637,42.134523,0.,45.95637,42.134523,25.;                0000779P0000846
100,0.,0.,0.,21.159760672,0.,20.947024443,2.992931455;           0000781P0000847
124,0.999942454,-1.072794795E-02,0.,24.79782699,1.072794795E-02, 0000783P0000848
0.999942454,0.,41.907522189,0.,0.,1.,25.;                        0000783P0000849
110,45.711538,45.125,25.,45.711538,45.125,0.;                    0000785P0000850
100,0.,0.,0.,20.947024442,-2.992931455,21.159760671,             0000787P0000851
-7.105427358E-15;                                                0000787P0000852
124,0.999942454,1.072794795E-02,0.,24.79782699,1.072794795E-02,  0000789P0000853
-0.999942454,0.,41.907522189,0.,0.,-1.,0.;                       0000789P0000854
110,45.711538,45.125,0.,45.711538,45.125,25.;                    0000791P0000855
100,0.,0.,0.,2.798450769,0.,2.406361015,1.428549394;             0000793P0000856
124,0.988371767,-0.152056736,0.,42.94562827,0.152056736,         0000795P0000857
0.988371767,0.,44.699476711,0.,0.,1.,25.;                        0000795P0000858
110,45.106787,46.477318,25.,45.106787,46.477318,0.;              0000797P0000859
100,0.,0.,0.,2.406361015,-1.428549394,2.798450769,0.;            0000799P0000860
124,0.988371767,0.152056736,0.,42.94562827,0.152056736,          0000801P0000861
-0.988371767,0.,44.699476711,0.,0.,-1.,0.;                       0000801P0000862
100,0.,0.,0.,96.407877869,-2.467003775,96.439437072,             0000803P0000863
-2.131628207E-14;                                                0000803P0000864
124,0.993057087,-0.11763342,0.,-89.135339476,0.11763342,         0000805P0000865
0.993057087,0.,45.90549922,0.,0.,1.,0.;                          0000805P0000866
110,6.634527,57.25,0.,6.190313,61.,0.;                           0000807P0000867
110,6.190313,61.,0.,32.032286,61.,0.;                            0000809P0000868
110,32.032286,61.,0.,57.874259,61.,0.;                           0000811P0000869
110,57.874259,61.,0.,57.42855,57.75,0.;                          0000813P0000870
100,0.,0.,0.,57.216864351,-2.210745796,57.259557832,             0000815P0000871
-1.421085472E-14;                                                0000815P0000872
124,-0.995233961,-9.751595958E-02,0.,114.15713356,               0000817P0000873
9.751595958E-02,-0.995233961,0.,49.970233274,0.,0.,1.,0.;        0000817P0000874
100,0.,0.,0.,2.979005871E+03,-6.732564014,2.979013479E+03,       0000819P0000875
-7.105427358E-13;                                                0000819P0000876
124,-0.995451918,-9.526531046E-02,0.,3.021986205E+03,            0000821P0000877
9.526531046E-02,-0.995451918,0.,-234.943909028,0.,0.,1.,0.;      0000821P0000878
100,0.,0.,0.,2.341406949E+03,-8.017006765,2.341420674E+03,       0000823P0000879
-5.897504707E-13;                                                0000823P0000880
124,-0.995772235,-9.185671442E-02,0.,2.387293139E+03,            0000825P0000881
9.185671442E-02,-0.995772235,0.,-174.2043272,0.,0.,1.,0.;        0000825P0000882
100,0.,0.,0.,3.524651177E+03,-8.882138592,3.524662368E+03,       0000827P0000883
-8.526512829E-13;                                                0000827P0000884
124,-0.99600044,-8.934833131E-02,0.,3.565531959E+03,             0000829P0000885
8.934833131E-02,-0.99600044,0.,-282.897432253,0.,0.,1.,0.;       0000829P0000886
100,0.,0.,0.,795.032394689,-8.704340687,795.080042607,           0000831P0000887
-2.131628207E-13;                                                0000831P0000888
124,0.994962479,-0.100248017,0.,-736.933305408,-0.100248017,     0000833P0000889
-0.994962479,0.,103.065197379,0.,-0.,-1.,0.;                     0000833P0000890
100,0.,0.,0.,429.305067535,-7.455155639,429.369794416,           0000835P0000891
-1.065814104E-13;                                                0000835P0000892
124,0.993071825,-0.117508941,0.,-373.065309178,-0.117508941,     0000837P0000893
-0.993071825,0.,66.403678708,0.,-0.,-1.,0.;                      0000837P0000894
100,0.,0.,0.,1.418491432E+03,-6.485385192,1.418506258E+03,       0000839P0000895
-3.463895837E-13;                                                0000839P0000896
124,0.992524171,-0.122048229,0.,-1.355348826E+03,-0.122048229,   0000841P0000897
-0.992524171,0.,182.636354396,0.,-0.,-1.,0.;                     0000841P0000898
100,0.,0.,0.,0.840752836,-0.687862683,1.08628744,0.;             0000843P0000899
124,0.690898561,-0.722951712,0.,51.474754571,-0.722951712,       0000845P0000900
-0.690898561,0.,9.642758365,0.,-0.,-1.,0.;                       0000845P0000901
100,0.,0.,0.,1.443276609,-0.683373458,1.59688655,                0000847P0000902
-7.105427358E-15;                                                0000847P0000903
124,0.315057632,-0.949072541,0.,51.121982706,-0.949072541,       0000849P0000904
-0.315057632,0.,10.011897176,0.,-0.,-1.,0.;                      0000849P0000905
100,0.,0.,0.,225.96358547,-2.962993725,225.983011066,            0000851P0000906
-5.684341886E-14;                                                0000851P0000907
124,0.302586885,-0.953121806,0.,-19.572617358,-0.953121806,      0000853P0000908
-0.302586885,0.,222.970593634,0.,-0.,-1.,0.;                     0000853P0000909
100,0.,0.,0.,136.858152724,-3.507573028,136.903093594,           0000855P0000910
-2.842170943E-14;                                                0000855P0000911
124,0.278067633,-0.960561498,0.,7.38181576,-0.960561498,         0000857P0000912
-0.278067633,0.,138.06658765,0.,-0.,-1.,0.;                      0000857P0000913
100,0.,0.,0.,228.937296557,-3.991213968,228.972084639,           0000859P0000914
-7.815970093E-14;                                                0000859P0000915
124,0.261281749,-0.96526258,0.,-18.219571764,-0.96526258,        0000861P0000916
-0.261281749,0.,226.504521078,0.,-0.,-1.,0.;                     0000861P0000917
110,41.606655,5.486336,0.,31.713309,2.808362,0.;                 0000863P0000918
110,31.713309,2.808362,0.,22.106655,5.506391,0.;                 0000865P0000919
100,0.,0.,0.,198.300942436,-3.896687017,198.339224413,           0000867P0000920
-4.618527782E-14;                                                0000867P0000921
124,-0.289251494,-0.95725314,0.,75.735383039,-0.95725314,        0000869P0000922
0.289251494,0.,196.457713252,-0.,0.,-1.,0.;                      0000869P0000923
100,0.,0.,0.,122.067359964,-3.449996133,122.116103942,           0000871P0000924
-2.842170943E-14;                                                0000871P0000925
124,-0.31618046,-0.948699065,0.,53.687771977,-0.948699065,       0000873P0000926
0.31618046,0.,123.492879662,-0.,0.,-1.,0.;                       0000873P0000927
100,0.,0.,0.,178.668528402,-2.898241813,178.69203353,            0000875P0000928
-5.684341886E-14;                                                0000875P0000929
124,-0.331526449,-0.943445925,0.,71.576054353,-0.943445925,      0000877P0000930
0.331526449,0.,177.16638488,-0.,0.,-1.,0.;                       0000877P0000931
100,0.,0.,0.,1.736389011,-0.765379135,1.897591109,0.;            0000879P0000932
124,-0.683894929,-0.729580513,0.,12.964020938,-0.729580513,      0000881P0000933
0.683894929,0.,10.370388496,-0.,0.,-1.,0.;                       0000881P0000934
100,0.,0.,0.,0.931842752,-0.772778267,1.210585463,0.;            0000883P0000935
124,-0.992153282,-0.12502746,0.,12.49418034,-0.12502746,         0000885P0000936
0.992153282,0.,9.869163426,-0.,0.,-1.,0.;                        0000885P0000937
100,0.,0.,0.,1.008680374E+03,-6.290207256,1.008699987E+03,       0000887P0000938
-2.451372438E-13;                                                0000887P0000939
124,-0.992913668,-0.118837908,0.,1.012078109E+03,-0.118837908,   0000889P0000940
0.992913668,0.,135.832905062,-0.,0.,-1.,0.;                      0000889P0000941
100,0.,0.,0.,355.290007647,-7.277293226,355.364529083,           0000891P0000942
-8.171241461E-14;                                                0000891P0000943
124,-0.995138949,-9.848082166E-02,0.,363.372355974,              0000893P0000944
-9.848082166E-02,0.995138949,0.,58.192278812,-0.,0.,-1.,0.;      0000893P0000945
100,0.,0.,0.,650.995433436,-8.47380519,651.050581544,            0000895P0000946
-1.598721155E-13;                                                0000895P0000947
124,-0.996336372,-8.552095754E-02,0.,657.621012289,              0000897P0000948
-8.552095754E-02,0.996336372,0.,87.312201152,-0.,0.,-1.,0.;      0000897P0000949
100,0.,0.,0.,4.238726556E+03,-8.680923365,4.238735445E+03,       0000899P0000950
-1.044497822E-12;                                                0000899P0000951
124,0.996159081,-8.756189782E-02,0.,-4.214250429E+03,            0000901P0000952
8.756189782E-02,0.996159081,0.,-330.869629056,0.,0.,1.,0.;       0000901P0000953
100,0.,0.,0.,2.949263565E+03,-7.927638361,2.94927422E+03,        0000903P0000954
-7.247535905E-13;                                                0000903P0000955
124,0.995919989,-9.024065511E-02,0.,-2.929741557E+03,            0000905P0000956
9.024065511E-02,0.995919989,0.,-217.966091691,0.,0.,1.,0.;       0000905P0000957
100,0.,0.,0.,3.390694032E+03,-6.64576828,3.390700545E+03,        0000907P0000958
-8.313350008E-13;                                                0000907P0000959
124,0.995741243,-9.219206749E-02,0.,-3.369366985E+03,            0000909P0000960
9.219206749E-02,0.995741243,0.,-257.79928148,0.,0.,1.,0.;        0000909P0000961
100,0.,0.,0.,2.798450769,0.,2.406361015,1.428549394;             0000911P0000962
124,0.988371767,-0.152056736,0.,42.94562827,0.152056736,         0000913P0000963
0.988371767,0.,44.699476711,0.,0.,1.,0.;                         0000913P0000964
100,0.,0.,0.,1.433162229,-7.105427358E-15,0.910481019,           0000915P0000965
1.106787373;                                                     0000915P0000966
124,0.77226988,-0.635294603,0.,43.999998977,0.635294603,         0000917P0000967
0.77226988,0.,45.566837771,0.,0.,1.,0.;                          0000917P0000968
100,0.,0.,0.,2.320295016,0.,2.067010581,1.054151896;             0000919P0000969
124,4.125781765E-07,-1.,0.,43.999999043,1.,4.125781765E-07,0.,   0000921P0000970
44.679704984,0.,0.,1.,0.;                                        0000921P0000971
100,0.,0.,0.,1.246076308,1.421085472E-14,0.911384635,            0000923P0000972
0.849755384;                                                     0000923P0000973
124,-0.45431836,-0.890839395,0.,43.511963345,0.890839395,        0000925P0000974
-0.45431836,0.,45.636662136,0.,0.,1.,0.;                         0000925P0000975
100,0.,0.,0.,4.700652009,-7.105427358E-15,4.477155864,           0000927P0000976
1.432202738;                                                     0000927P0000977
124,-0.939793458,-0.341742969,0.,46.758551005,0.341742969,       0000929P0000978
-0.939793458,0.,44.456085228,0.,0.,1.,0.;                        0000929P0000979
100,0.,0.,0.,80.194301644,0.,80.132799108,3.140147029;           0000931P0000980
124,-0.999233063,-3.915720084E-02,0.,122.194301644,              0000933P0000981
3.915720084E-02,-0.999233063,0.,41.499962624,0.,0.,1.,0.;        0000933P0000982
110,42.,41.5,0.,42.,36.,0.;                                      0000935P0000983
110,42.,36.,0.,32.,36.,0.;                                       0000937P0000984
110,32.,36.,0.,22.,36.,0.;                                       0000939P0000985
110,22.,36.,0.,22.,41.5,0.;                                      0000941P0000986
100,0.,0.,0.,80.194301644,0.,80.132799108,3.140147029;           0000943P0000987
124,1.,-4.660694956E-07,0.,-58.194301644,4.660694956E-07,1.,0.,  0000945P0000988
41.499962624,0.,0.,1.,0.;                                        0000945P0000989
100,0.,0.,0.,4.700652009,1.421085472E-14,4.477155864,            0000947P0000990
1.432202738;                                                     0000947P0000991
124,0.999233084,-3.91566471E-02,0.,17.241448995,3.91566471E-02,  0000949P0000992
0.999233084,0.,44.456085228,0.,0.,1.,0.;                         0000949P0000993
100,0.,0.,0.,1.246076308,7.105427358E-15,0.911384635,            0000951P0000994
0.849755384;                                                     0000951P0000995
124,0.939793444,-0.341743007,0.,20.488036655,0.341743007,        0000953P0000996
0.939793444,0.,45.636662136,0.,0.,1.,0.;                         0000953P0000997
100,0.,0.,0.,2.320295016,3.552713679E-15,2.067010581,            0000955P0000998
1.054151896;                                                     0000955P0000999
124,0.454317678,-0.890839743,0.,20.000000957,0.890839743,        0000957P0001000
0.454317678,0.,44.679704984,0.,0.,1.,0.;                         0000957P0001001
100,0.,0.,0.,1.433162229,0.,0.910481019,1.106787373;             0000959P0001002
124,-7.136380266E-07,-1.,0.,20.000001023,1.,-7.136380266E-07,0., 0000961P0001003
45.566837771,0.,0.,1.,0.;                                        0000961P0001004
100,0.,0.,0.,2.798450769,-7.105427358E-15,2.406361015,           0000963P0001005
1.428549394;                                                     0000963P0001006
124,-0.772269698,-0.635294824,0.,21.05437173,0.635294824,        0000965P0001007
-0.772269698,0.,44.699476711,0.,0.,1.,0.;                        0000965P0001008
100,0.,0.,0.,21.159760672,7.105427358E-15,20.947024443,          0000967P0001009
2.992931455;                                                     0000967P0001010
124,-0.988371813,-0.152056437,0.,39.20217301,0.152056437,        0000969P0001011
-0.988371813,0.,41.907522189,0.,0.,1.,0.;                        0000969P0001012
100,0.,0.,0.,758.267945453,0.,758.224311558,8.134522979;         0000971P0001013
124,-0.999942461,-1.072728969E-02,0.,776.267945453,              0000973P0001014
1.072728969E-02,-0.999942461,0.,34.000363088,0.,0.,1.,0.;        0000973P0001015
100,0.,0.,0.,758.267945453,-7.105427358E-15,758.224311558,       0000975P0001016
8.134522979;                                                     0000975P0001017
124,-1.,-4.788385569E-07,0.,776.267945453,4.788385569E-07,-1.,   0000977P0001018
0.,33.999636912,0.,0.,1.,0.;                                     0000977P0001019
100,0.,0.,0.,21.159760672,3.552713679E-15,20.947024443,          0000979P0001020
2.992931455;                                                     0000979P0001021
124,-0.999942454,1.072794795E-02,0.,39.20217301,                 0000981P0001022
-1.072794795E-02,-0.999942454,0.,26.092477811,0.,0.,1.,0.;       0000981P0001023
100,0.,0.,0.,2.798450769,0.,2.406361015,1.428549394;             0000983P0001024
124,-0.988371767,0.152056736,0.,21.05437173,-0.152056736,        0000985P0001025
-0.988371767,0.,23.300523289,0.,0.,1.,0.;                        0000985P0001026
100,0.,0.,0.,1.433162229,0.,0.910481019,1.106787373;             0000987P0001027
124,-0.77226988,0.635294603,0.,20.000001023,-0.635294603,        0000989P0001028
-0.77226988,0.,22.433162229,0.,0.,1.,0.;                         0000989P0001029
100,0.,0.,0.,2.320295016,0.,2.067010581,1.054151896;             0000991P0001030
124,-4.125781888E-07,1.,0.,20.000000957,-1.,-4.125781888E-07,0., 0000993P0001031
23.320295016,0.,0.,1.,0.;                                        0000993P0001032
100,0.,0.,0.,1.246076308,0.,0.911384635,0.849755384;             0000995P0001033
124,0.45431836,0.890839395,0.,20.488036655,-0.890839395,         0000997P0001034
0.45431836,0.,22.363337864,0.,0.,1.,0.;                          0000997P0001035
100,0.,0.,0.,4.700652009,0.,4.477155864,1.432202738;             0000999P0001036
124,0.939793458,0.341742969,0.,17.241448995,-0.341742969,        0001001P0001037
0.939793458,0.,23.543914772,0.,0.,1.,0.;                         0001001P0001038
100,0.,0.,0.,80.194301644,3.552713679E-15,80.132799108,          0001003P0001039
3.140147029;                                                     0001003P0001040
124,0.999233063,3.915720084E-02,0.,-58.194301644,                0001005P0001041
-3.915720084E-02,0.999233063,0.,26.500037376,0.,0.,1.,0.;        0001005P0001042
110,22.,26.5,0.,22.,32.,0.;                                      0001007P0001043
110,22.,32.,0.,32.,32.,0.;                                       0001009P0001044
110,32.,32.,0.,42.,32.,0.;                                       0001011P0001045
110,42.,32.,0.,42.,26.5,0.;                                      0001013P0001046
100,0.,0.,0.,80.194301644,0.,80.132799108,3.140147029;           0001015P0001047
124,-1.,4.660694886E-07,0.,122.194301644,-4.660694886E-07,-1.,   0001017P0001048
0.,26.500037376,0.,0.,1.,0.;                                     0001017P0001049
100,0.,0.,0.,4.700652009,0.,4.477155864,1.432202738;             0001019P0001050
124,-0.999233084,3.91566471E-02,0.,46.758551005,-3.91566471E-02, 0001021P0001051
-0.999233084,0.,23.543914772,0.,0.,1.,0.;                        0001021P0001052
100,0.,0.,0.,1.246076308,3.552713679E-15,0.911384635,            0001023P0001053
0.849755384;                                                     0001023P0001054
124,-0.939793444,0.341743007,0.,43.511963345,-0.341743007,       0001025P0001055
-0.939793444,0.,22.363337864,0.,0.,1.,0.;                        0001025P0001056
100,0.,0.,0.,2.320295016,-7.105427358E-15,2.067010581,           0001027P0001057
1.054151896;                                                     0001027P0001058
124,-0.454317678,0.890839743,0.,43.999999043,-0.890839743,       0001029P0001059
-0.454317678,0.,23.320295016,0.,0.,1.,0.;                        0001029P0001060
100,0.,0.,0.,1.433162229,0.,0.910481019,1.106787373;             0001031P0001061
124,7.136380415E-07,1.,0.,43.999998977,-1.,7.136380415E-07,0.,   0001033P0001062
22.433162229,0.,0.,1.,0.;                                        0001033P0001063
100,0.,0.,0.,2.798450769,0.,2.406361015,1.428549394;             0001035P0001064
124,0.772269698,0.635294824,0.,42.94562827,-0.635294824,         0001037P0001065
0.772269698,0.,23.300523289,0.,0.,1.,0.;                         0001037P0001066
100,0.,0.,0.,21.159760672,0.,20.947024443,2.992931455;           0001039P0001067
124,0.988371813,0.152056437,0.,24.79782699,-0.152056437,         0001041P0001068
0.988371813,0.,26.092477811,0.,0.,1.,0.;                         0001041P0001069
100,0.,0.,0.,758.267945453,0.,758.224311558,8.134522979;         0001043P0001070
124,0.999942461,1.072728969E-02,0.,-712.267945453,               0001045P0001071
-1.072728969E-02,0.999942461,0.,33.999636912,0.,0.,1.,0.;        0001045P0001072
100,0.,0.,0.,758.267945453,0.,758.224311558,8.134522979;         0001047P0001073
124,1.,4.788385586E-07,0.,-712.267945453,-4.788385586E-07,1.,0., 0001049P0001074
34.000363088,0.,0.,1.,0.;                                        0001049P0001075
100,0.,0.,0.,21.159760672,0.,20.947024443,2.992931455;           0001051P0001076
124,0.999942454,-1.072794795E-02,0.,24.79782699,1.072794795E-02, 0001053P0001077
0.999942454,0.,41.907522189,0.,0.,1.,0.;                         0001053P0001078
110,6.190313,61.,25.,6.634527,57.25,25.;                         0001055P0001079
100,0.,0.,0.,96.439437072,-7.105427358E-15,96.407877869,         0001057P0001080
2.467003775;                                                     0001057P0001081
124,0.993057087,0.11763342,0.,-89.135339476,0.11763342,          0001059P0001082
-0.993057087,0.,45.90549922,0.,0.,-1.,25.;                       0001059P0001083
100,0.,0.,0.,3.390700545E+03,0.,3.390694032E+03,6.64576828;      0001061P0001084
124,0.995741243,9.219206749E-02,0.,-3.369366985E+03,             0001063P0001085
9.219206749E-02,-0.995741243,0.,-257.79928148,0.,0.,-1.,25.;     0001063P0001086
100,0.,0.,0.,2.94927422E+03,-1.421085472E-14,2.949263565E+03,    0001065P0001087
7.927638362;                                                     0001065P0001088
124,0.995919989,9.024065511E-02,0.,-2.929741557E+03,             0001067P0001089
9.024065511E-02,-0.995919989,0.,-217.966091691,0.,0.,-1.,25.;    0001067P0001090
100,0.,0.,0.,4.238735445E+03,8.526512829E-14,4.238726556E+03,    0001069P0001091
8.680923364;                                                     0001069P0001092
124,0.996159081,8.756189782E-02,0.,-4.214250429E+03,             0001071P0001093
8.756189782E-02,-0.996159081,0.,-330.869629056,0.,0.,-1.,25.;    0001071P0001094
100,0.,0.,0.,651.050581544,7.105427358E-15,650.995433436,        0001073P0001095
8.47380519;                                                      0001073P0001096
124,-0.996336372,8.552095754E-02,0.,657.621012289,               0001075P0001097
-8.552095754E-02,-0.996336372,0.,87.312201152,0.,0.,1.,25.;      0001075P0001098
100,0.,0.,0.,355.364529083,7.105427358E-15,355.290007647,        0001077P0001099
7.277293226;                                                     0001077P0001100
124,-0.995138949,9.848082166E-02,0.,363.372355974,               0001079P0001101
-9.848082166E-02,-0.995138949,0.,58.192278812,0.,0.,1.,25.;      0001079P0001102
100,0.,0.,0.,1.008699987E+03,0.,1.008680374E+03,6.290207257;     0001081P0001103
124,-0.992913668,0.118837908,0.,1.012078109E+03,-0.118837908,    0001083P0001104
-0.992913668,0.,135.832905062,0.,0.,1.,25.;                      0001083P0001105
100,0.,0.,0.,1.210585463,1.776356839E-15,0.931842752,            0001085P0001106
0.772778267;                                                     0001085P0001107
124,-0.992153282,0.12502746,0.,12.49418034,-0.12502746,          0001087P0001108
-0.992153282,0.,9.869163426,0.,0.,1.,25.;                        0001087P0001109
100,0.,0.,0.,1.897591109,0.,1.736389011,0.765379135;             0001089P0001110
124,-0.683894929,0.729580513,0.,12.964020938,-0.729580513,       0001091P0001111
-0.683894929,0.,10.370388496,0.,0.,1.,25.;                       0001091P0001112
100,0.,0.,0.,178.69203353,1.776356839E-15,178.668528402,         0001093P0001113
2.898241813;                                                     0001093P0001114
124,-0.331526449,0.943445925,0.,71.576054353,-0.943445925,       0001095P0001115
-0.331526449,0.,177.16638488,0.,0.,1.,25.;                       0001095P0001116
100,0.,0.,0.,122.116103942,5.329070518E-15,122.067359964,        0001097P0001117
3.449996133;                                                     0001097P0001118
124,-0.31618046,0.948699065,0.,53.687771977,-0.948699065,        0001099P0001119
-0.31618046,0.,123.492879662,0.,0.,1.,25.;                       0001099P0001120
100,0.,0.,0.,198.339224413,-5.329070518E-15,198.300942436,       0001101P0001121
3.896687017;                                                     0001101P0001122
124,-0.289251494,0.95725314,0.,75.735383039,-0.95725314,         0001103P0001123
-0.289251494,0.,196.457713252,0.,0.,1.,25.;                      0001103P0001124
110,22.106655,5.506391,25.,31.713309,2.808362,25.;               0001105P0001125
110,31.713309,2.808362,25.,41.606655,5.486336,25.;               0001107P0001126
100,0.,0.,0.,228.972084639,7.105427358E-15,228.937296557,        0001109P0001127
3.991213968;                                                     0001109P0001128
124,0.261281749,0.96526258,0.,-18.219571764,-0.96526258,         0001111P0001129
0.261281749,0.,226.504521078,0.,0.,1.,25.;                       0001111P0001130
100,0.,0.,0.,136.903093594,1.421085472E-14,136.858152724,        0001113P0001131
3.507573028;                                                     0001113P0001132
124,0.278067633,0.960561498,0.,7.38181576,-0.960561498,          0001115P0001133
0.278067633,0.,138.06658765,0.,0.,1.,25.;                        0001115P0001134
100,0.,0.,0.,225.983011066,-1.421085472E-14,225.96358547,        0001117P0001135
2.962993725;                                                     0001117P0001136
124,0.302586885,0.953121806,0.,-19.572617358,-0.953121806,       0001119P0001137
0.302586885,0.,222.970593634,0.,0.,1.,25.;                       0001119P0001138
100,0.,0.,0.,1.596886549,0.,1.443276608,0.683373458;             0001121P0001139
124,0.315057632,0.949072541,0.,51.121982706,-0.949072541,        0001123P0001140
0.315057632,0.,10.011897176,0.,0.,1.,25.;                        0001123P0001141
100,0.,0.,0.,1.08628744,0.,0.840752836,0.687862683;              0001125P0001142
124,0.690898561,0.722951712,0.,51.474754571,-0.722951712,        0001127P0001143
0.690898561,0.,9.642758365,0.,0.,1.,25.;                         0001127P0001144
100,0.,0.,0.,1.418506258E+03,1.421085472E-14,1.418491432E+03,    0001129P0001145
6.485385194;                                                     0001129P0001146
124,0.992524171,0.122048229,0.,-1.355348826E+03,-0.122048229,    0001131P0001147
0.992524171,0.,182.636354396,0.,0.,1.,25.;                       0001131P0001148
100,0.,0.,0.,429.369794416,0.,429.305067535,7.455155639;         0001133P0001149
124,0.993071825,0.117508941,0.,-373.065309178,-0.117508941,      0001135P0001150
0.993071825,0.,66.403678708,0.,0.,1.,25.;                        0001135P0001151
100,0.,0.,0.,795.080042607,1.065814104E-14,795.032394689,        0001137P0001152
8.704340687;                                                     0001137P0001153
124,0.994962479,0.100248017,0.,-736.933305408,-0.100248017,      0001139P0001154
0.994962479,0.,103.065197379,0.,0.,1.,25.;                       0001139P0001155
100,0.,0.,0.,3.524662369E+03,0.,3.524651178E+03,8.882138593;     0001141P0001156
124,-0.99600044,8.934833131E-02,0.,3.565531959E+03,              0001143P0001157
8.934833131E-02,0.99600044,0.,-282.897432253,0.,0.,-1.,25.;      0001143P0001158
100,0.,0.,0.,2.341420674E+03,1.421085472E-14,2.341406949E+03,    0001145P0001159
8.017006765;                                                     0001145P0001160
124,-0.995772235,9.185671442E-02,0.,2.387293139E+03,             0001147P0001161
9.185671442E-02,0.995772235,0.,-174.2043272,0.,0.,-1.,25.;       0001147P0001162
100,0.,0.,0.,2.979013479E+03,0.,2.979005871E+03,6.732564014;     0001149P0001163
124,-0.995451918,9.526531046E-02,0.,3.021986205E+03,             0001151P0001164
9.526531046E-02,0.995451918,0.,-234.943909028,0.,0.,-1.,25.;     0001151P0001165
100,0.,0.,0.,57.259557832,0.,57.216864351,2.210745796;           0001153P0001166
124,-0.995233961,9.751595958E-02,0.,114.15713356,                0001155P0001167
9.751595958E-02,0.995233961,0.,49.970233274,0.,0.,-1.,25.;       0001155P0001168
110,57.42855,57.75,25.,57.874259,61.,25.;                        0001157P0001169
110,57.874259,61.,25.,32.032286,61.,25.;                         0001159P0001170
110,32.032286,61.,25.,6.190313,61.,25.;                          0001161P0001171
100,0.,0.,0.,0.910481019,-1.106787373,1.433162229,               0001163P0001172
7.105427358E-15;                                                 0001163P0001173
124,0.77226988,0.635294603,0.,43.999998977,0.635294603,          0001165P0001174
-0.77226988,0.,45.566837771,0.,0.,-1.,25.;                       0001165P0001175
100,0.,0.,0.,2.406361015,-1.428549394,2.798450769,0.;            0001167P0001176
124,0.988371767,0.152056736,0.,42.94562827,0.152056736,          0001169P0001177
-0.988371767,0.,44.699476711,0.,0.,-1.,25.;                      0001169P0001178
100,0.,0.,0.,20.947024442,-2.992931455,21.159760671,             0001171P0001179
-7.105427358E-15;                                                0001171P0001180
124,0.999942454,1.072794795E-02,0.,24.79782699,1.072794795E-02,  0001173P0001181
-0.999942454,0.,41.907522189,0.,0.,-1.,25.;                      0001173P0001182
100,0.,0.,0.,758.224311558,-8.134522979,758.267945453,           0001175P0001183
-1.847411113E-13;                                                0001175P0001184
124,1.,-4.788385586E-07,0.,-712.267945453,-4.788385586E-07,-1.,  0001177P0001185
0.,34.000363088,0.,-0.,-1.,25.;                                  0001177P0001186
100,0.,0.,0.,758.224311558,-8.134522979,758.267945453,           0001179P0001187
-1.847411113E-13;                                                0001179P0001188
124,0.999942461,-1.072728969E-02,0.,-712.267945453,              0001181P0001189
-1.072728969E-02,-0.999942461,0.,33.999636912,0.,-0.,-1.,25.;    0001181P0001190
100,0.,0.,0.,20.947024442,-2.992931455,21.159760671,             0001183P0001191
-7.105427358E-15;                                                0001183P0001192
124,0.988371813,-0.152056437,0.,24.79782699,-0.152056437,        0001185P0001193
-0.988371813,0.,26.092477811,0.,-0.,-1.,25.;                     0001185P0001194
100,0.,0.,0.,2.406361015,-1.428549394,2.798450769,0.;            0001187P0001195
124,0.772269698,-0.635294824,0.,42.94562827,-0.635294824,        0001189P0001196
-0.772269698,0.,23.300523289,0.,-0.,-1.,25.;                     0001189P0001197
100,0.,0.,0.,0.910481019,-1.106787373,1.433162229,0.;            0001191P0001198
124,7.136380415E-07,-1.,0.,43.999998977,-1.,-7.136380415E-07,0., 0001193P0001199
22.433162229,0.,-0.,-1.,25.;                                     0001193P0001200
100,0.,0.,0.,2.067010581,-1.054151896,2.320295016,               0001195P0001201
7.105427358E-15;                                                 0001195P0001202
124,-0.454317678,-0.890839743,0.,43.999999043,-0.890839743,      0001197P0001203
0.454317678,0.,23.320295016,-0.,0.,-1.,25.;                      0001197P0001204
100,0.,0.,0.,0.911384635,-0.849755384,1.246076308,               0001199P0001205
-1.776356839E-15;                                                0001199P0001206
124,-0.939793444,-0.341743007,0.,43.511963345,-0.341743007,      0001201P0001207
0.939793444,0.,22.363337864,-0.,0.,-1.,25.;                      0001201P0001208
100,0.,0.,0.,4.477155863,-1.432202738,4.700652008,               0001203P0001209
-3.552713679E-15;                                                0001203P0001210
124,-0.999233084,-3.91566471E-02,0.,46.758551005,                0001205P0001211
-3.91566471E-02,0.999233084,0.,23.543914772,-0.,0.,-1.,25.;      0001205P0001212
100,0.,0.,0.,80.132799108,-3.140147029,80.194301644,             0001207P0001213
-2.131628207E-14;                                                0001207P0001214
124,-1.,-4.660694886E-07,0.,122.194301644,-4.660694886E-07,1.,   0001209P0001215
0.,26.500037376,-0.,0.,-1.,25.;                                  0001209P0001216
110,42.,26.5,25.,42.,32.,25.;                                    0001211P0001217
110,42.,32.,25.,32.,32.,25.;                                     0001213P0001218
110,32.,32.,25.,22.,32.,25.;                                     0001215P0001219
110,22.,32.,25.,22.,26.5,25.;                                    0001217P0001220
100,0.,0.,0.,80.132799108,-3.140147029,80.194301644,             0001219P0001221
-2.131628207E-14;                                                0001219P0001222
124,0.999233063,-3.915720084E-02,0.,-58.194301644,               0001221P0001223
-3.915720084E-02,-0.999233063,0.,26.500037376,0.,-0.,-1.,25.;    0001221P0001224
100,0.,0.,0.,4.477155863,-1.432202738,4.700652008,0.;            0001223P0001225
124,0.939793458,-0.341742969,0.,17.241448995,-0.341742969,       0001225P0001226
-0.939793458,0.,23.543914772,0.,-0.,-1.,25.;                     0001225P0001227
100,0.,0.,0.,0.911384635,-0.849755384,1.246076308,               0001227P0001228
3.552713679E-15;                                                 0001227P0001229
124,0.45431836,-0.890839395,0.,20.488036655,-0.890839395,        0001229P0001230
-0.45431836,0.,22.363337864,0.,-0.,-1.,25.;                      0001229P0001231
100,0.,0.,0.,2.067010581,-1.054151896,2.320295016,0.;            0001231P0001232
124,-4.125781888E-07,-1.,0.,20.000000957,-1.,4.125781888E-07,0., 0001233P0001233
23.320295016,-0.,0.,-1.,25.;                                     0001233P0001234
100,0.,0.,0.,0.910481019,-1.106787373,1.433162229,               0001235P0001235
-3.552713679E-15;                                                0001235P0001236
124,-0.77226988,-0.635294603,0.,20.000001023,-0.635294603,       0001237P0001237
0.77226988,0.,22.433162229,-0.,0.,-1.,25.;                       0001237P0001238
100,0.,0.,0.,2.406361015,-1.428549394,2.798450769,               0001239P0001239
3.552713679E-15;                                                 0001239P0001240
124,-0.988371767,-0.152056736,0.,21.05437173,-0.152056736,       0001241P0001241
0.988371767,0.,23.300523289,-0.,0.,-1.,25.;                      0001241P0001242
100,0.,0.,0.,20.947024442,-2.992931455,21.159760671,             0001243P0001243
-7.105427358E-15;                                                0001243P0001244
124,-0.999942454,-1.072794795E-02,0.,39.20217301,                0001245P0001245
-1.072794795E-02,0.999942454,0.,26.092477811,-0.,0.,-1.,25.;     0001245P0001246
100,0.,0.,0.,758.224311558,-8.134522979,758.267945453,           0001247P0001247
-1.847411113E-13;                                                0001247P0001248
124,-1.,4.788385569E-07,0.,776.267945453,4.788385569E-07,1.,0.,  0001249P0001249
33.999636912,0.,0.,-1.,25.;                                      0001249P0001250
100,0.,0.,0.,758.224311558,-8.134522979,758.267945453,           0001251P0001251
-1.847411113E-13;                                                0001251P0001252
124,-0.999942461,1.072728969E-02,0.,776.267945453,               0001253P0001253
1.072728969E-02,0.999942461,0.,34.000363088,0.,0.,-1.,25.;       0001253P0001254
100,0.,0.,0.,20.947024442,-2.992931455,21.159760671,             0001255P0001255
-7.105427358E-15;                                                0001255P0001256
124,-0.988371813,0.152056437,0.,39.20217301,0.152056437,         0001257P0001257
0.988371813,0.,41.907522189,0.,0.,-1.,25.;                       0001257P0001258
100,0.,0.,0.,2.406361015,-1.428549394,2.798450769,0.;            0001259P0001259
124,-0.772269698,0.635294824,0.,21.05437173,0.635294824,         0001261P0001260
0.772269698,0.,44.699476711,0.,0.,-1.,25.;                       0001261P0001261
100,0.,0.,0.,0.910481019,-1.106787373,1.433162229,0.;            0001263P0001262
124,-7.136380266E-07,1.,0.,20.000001023,1.,7.136380266E-07,0.,   0001265P0001263
45.566837771,0.,0.,-1.,25.;                                      0001265P0001264
100,0.,0.,0.,2.067010581,-1.054151896,2.320295016,0.;            0001267P0001265
124,0.454317678,0.890839743,0.,20.000000957,0.890839743,         0001269P0001266
-0.454317678,0.,44.679704984,0.,0.,-1.,25.;                      0001269P0001267
100,0.,0.,0.,0.911384635,-0.849755384,1.246076308,0.;            0001271P0001268
124,0.939793444,0.341743007,0.,20.488036655,0.341743007,         0001273P0001269
-0.939793444,0.,45.636662136,0.,0.,-1.,25.;                      0001273P0001270
100,0.,0.,0.,4.477155863,-1.432202738,4.700652008,               0001275P0001271
-7.105427358E-15;                                                0001275P0001272
124,0.999233084,3.91566471E-02,0.,17.241448995,3.91566471E-02,   0001277P0001273
-0.999233084,0.,44.456085228,0.,0.,-1.,25.;                      0001277P0001274
100,0.,0.,0.,80.132799108,-3.140147029,80.194301644,             0001279P0001275
-2.131628207E-14;                                                0001279P0001276
124,1.,4.660694956E-07,0.,-58.194301644,4.660694956E-07,-1.,0.,  0001281P0001277
41.499962624,0.,0.,-1.,25.;                                      0001281P0001278
110,22.,41.5,25.,22.,36.,25.;                                    0001283P0001279
110,22.,36.,25.,32.,36.,25.;                                     0001285P0001280
110,32.,36.,25.,42.,36.,25.;                                     0001287P0001281
110,42.,36.,25.,42.,41.5,25.;                                    0001289P0001282
100,0.,0.,0.,80.132799108,-3.140147029,80.194301644,             0001291P0001283
-2.131628207E-14;                                                0001291P0001284
124,-0.999233063,3.915720084E-02,0.,122.194301644,               0001293P0001285
3.915720084E-02,0.999233063,0.,41.499962624,0.,0.,-1.,25.;       0001293P0001286
100,0.,0.,0.,4.477155863,-1.432202738,4.700652008,               0001295P0001287
1.421085472E-14;                                                 0001295P0001288
124,-0.939793458,0.341742969,0.,46.758551005,0.341742969,        0001297P0001289
0.939793458,0.,44.456085228,0.,0.,-1.,25.;                       0001297P0001290
100,0.,0.,0.,0.911384635,-0.849755384,1.246076308,               0001299P0001291
-1.421085472E-14;                                                0001299P0001292
124,-0.45431836,0.890839395,0.,43.511963345,0.890839395,         0001301P0001293
0.45431836,0.,45.636662136,0.,0.,-1.,25.;                        0001301P0001294
100,0.,0.,0.,2.067010581,-1.054151896,2.320295016,0.;            0001303P0001295
124,4.125781765E-07,1.,0.,43.999999043,1.,-4.125781765E-07,0.,   0001305P0001296
44.679704984,0.,0.,-1.,25.;                                      0001305P0001297
510,1309,1,1,1317;                                               0001307P0001298
190,1311,1313,1315;                                              0001309P0001299
116,0.,61.,0.,0;                                                 0001311P0001300
123,-0.,1.,-0.;                                                  0001313P0001301
123,0.,0.,1.;                                                    0001315P0001302
508,4,0,15,5,1,0,0,15,6,1,0,0,15,7,1,0,0,15,8,1,0;               0001317P0001303
510,1321,1,1,1329;                                               0001319P0001304
190,1323,1325,1327;                                              0001321P0001305
116,0.,61.,0.,0;                                                 0001323P0001306
123,-0.,1.,-0.;                                                  0001325P0001307
123,0.,0.,1.;                                                    0001327P0001308
508,4,0,15,9,1,0,0,15,10,1,0,0,15,11,1,0,0,15,12,1,0;            0001329P0001309
510,1333,1,1,1341;                                               0001331P0001310
190,1335,1337,1339;                                              0001333P0001311
116,49.508643917,0.,0.,0;                                        0001335P0001312
123,0.990726745,-0.135869485,-0.;                                0001337P0001313
123,0.135869485,0.990726745,0.;                                  0001339P0001314
508,4,0,15,13,1,0,0,15,14,1,0,0,15,15,1,0,0,15,16,1,0;           0001341P0001315
510,1345,1,1,1351;                                               0001343P0001316
120,1347,1349,6.244566507,6.283185307;                           0001345P0001317
110,114.15713356,49.970233274,-1.,114.15713356,49.970233274,-2.; 0001347P0001318
110,57.428549999,57.750000002,25.,57.428549999,57.750000002,     0001349P0001319
3.907985047E-14;                                                 0001349P0001320
508,4,0,15,17,1,1,0,1353,0,15,18,1,1,0,1355,0,15,19,1,1,0,1357,  0001351P0001321
0,15,20,1,1,0,1359;                                              0001351P0001322
110,8.918100045E-18,6.283185307,0.,-3.430038478E-19,6.244566507, 0001353P0001323
0.;                                                              0001353P0001324
110,-1.665817128E-16,6.244566507,0.,1.,6.244566507,0.;           0001355P0001325
110,1.,6.244566507,0.,1.,6.283185307,0.;                         0001357P0001326
110,1.,6.283185307,0.,-5.551115123E-16,6.283185307,0.;           0001359P0001327
510,1363,1,1,1369;                                               0001361P0001328
120,1365,1367,6.280925307,6.283185307;                           0001363P0001329
110,3.021986205E+03,-234.943909028,-1.,3.021986205E+03,          0001365P0001330
-234.943909028,-2.;                                              0001365P0001331
110,57.17047722,55.553953911,25.,57.17047722,55.553953911,       0001367P0001332
3.907985047E-14;                                                 0001367P0001333
508,4,0,15,21,1,1,0,1371,0,15,22,1,1,0,1373,0,15,23,1,1,0,1375,  0001369P0001334
0,15,24,1,1,0,1377;                                              0001369P0001335
110,-1.662587818E-16,6.280925307,0.,1.,6.280925307,0.;           0001371P0001336
110,1.,6.280925307,0.,1.,6.283185307,0.;                         0001373P0001337
110,1.,6.283185307,0.,-5.551115123E-16,6.283185307,0.;           0001375P0001338
110,5.218935837E-19,6.283185307,0.,-2.007283015E-20,6.280925307, 0001377P0001339
0.;                                                              0001377P0001340
510,1381,1,1,1387;                                               0001379P0001341
120,1383,1385,6.279761308,6.283185307;                           0001381P0001342
110,2.387293139E+03,-174.2043272,-1.,2.387293139E+03,            0001383P0001343
-174.2043272,-2.;                                                0001383P0001344
110,56.521524354,48.852734991,25.,56.521524354,48.852734991,     0001385P0001345
3.907985047E-14;                                                 0001385P0001346
508,4,0,15,25,1,1,0,1389,0,15,26,1,1,0,1391,0,15,27,1,1,0,1393,  0001387P0001347
0,15,28,1,1,0,1395;                                              0001387P0001348
110,1.,6.279761308,0.,1.,6.283185307,0.;                         0001389P0001349
110,1.,6.283185307,0.,-5.551115123E-16,6.283185307,0.;           0001391P0001350
110,7.906917616E-19,6.283185307,0.,-3.041122166E-20,6.279761308, 0001393P0001351
0.;                                                              0001393P0001352
110,-1.662691202E-16,6.279761308,0.,1.,6.279761308,0.;           0001395P0001353
510,1399,1,1,1405;                                               0001397P0001354
120,1401,1403,6.280665308,6.283185307;                           0001399P0001355
110,3.565531959E+03,-282.897432253,-1.,3.565531959E+03,          0001401P0001356
-282.897432253,-2.;                                              0001401P0001357
110,55.77144102,40.870882864,25.,55.77144102,40.870882864,       0001403P0001358
3.907985047E-14;                                                 0001403P0001359
508,4,0,15,29,1,1,0,1407,0,15,30,1,1,0,1409,0,15,31,1,1,0,1411,  0001405P0001360
0,15,32,1,1,0,1413;                                              0001405P0001361
110,-1.66261091E-16,6.280665308,0.,1.,6.280665308,0.;            0001407P0001362
110,1.,6.280665308,0.,1.,6.283185307,0.;                         0001409P0001363
110,1.,6.283185307,0.,-5.551115123E-16,6.283185307,0.;           0001411P0001364
110,5.819344303E-19,6.283185307,0.,-2.238209321E-20,6.280665308, 0001413P0001365
0.;                                                              0001413P0001366
510,1417,1,1,1423;                                               0001415P0001367
120,1419,1421,6.272237334,6.283185307;                           0001417P0001368
110,-736.933305408,103.065197379,-1.,-736.933305408,             0001419P0001369
103.065197379,0.;                                                0001419P0001370
110,54.966689988,32.025268858,25.,54.966689988,32.025268858,     0001421P0001371
7.105427358E-15;                                                 0001421P0001372
508,4,0,15,33,1,1,0,1425,0,15,34,1,1,0,1427,0,15,35,1,1,0,1429,  0001423P0001373
0,15,36,1,1,0,1431;                                              0001423P0001374
110,1.,6.283185307,0.,-6.661338148E-16,6.283185307,0.;           0001425P0001375
110,2.52817583E-18,6.283185307,0.,-9.723749235E-20,6.272237335,  0001427P0001376
0.;                                                              0001427P0001377
110,-2.221418425E-16,6.272237334,0.,1.,6.272237334,0.;           0001429P0001378
110,1.,6.272237334,0.,1.,6.283185307,0.;                         0001431P0001379
510,1435,1,1,1441;                                               0001433P0001380
120,1437,1439,6.265821416,6.283185307;                           0001435P0001381
110,-373.065309178,66.403678708,-1.,-373.065309178,66.403678708, 0001437P0001382
0.;                                                              0001437P0001383
110,54.141504984,23.359999842,25.,54.141504984,23.359999842,     0001439P0001384
7.105427358E-15;                                                 0001439P0001385
508,4,0,15,37,1,1,0,1443,0,15,38,1,1,0,1445,0,15,39,1,1,0,1447,  0001441P0001386
0,15,40,1,1,0,1449;                                              0001441P0001387
110,-2.221988273E-16,6.265821416,0.,1.,6.265821416,0.;           0001443P0001388
110,1.,6.265821416,0.,1.,6.283185307,0.;                         0001445P0001389
110,1.,6.283185307,0.,-6.661338148E-16,6.283185307,0.;           0001447P0001390
110,4.009780609E-18,6.283185307,0.,-1.542223562E-19,6.265821416, 0001449P0001391
0.;                                                              0001449P0001392
510,1453,1,1,1459;                                               0001451P0001393
120,1455,1457,6.278613309,6.283185307;                           0001453P0001394
110,-1.355348826E+03,182.636354396,-1.,-1.355348826E+03,         0001455P0001395
182.636354396,0.;                                                0001455P0001396
110,53.329736593,15.948888536,25.,53.329736593,15.948888536,     0001457P0001397
7.105427358E-15;                                                 0001457P0001398
508,4,0,15,41,1,1,0,1461,0,15,42,1,1,0,1463,0,15,43,1,1,0,1465,  0001459P0001399
0,15,44,1,1,0,1467;                                              0001459P0001400
110,1.,6.283185307,0.,-6.661338148E-16,6.283185307,0.;           0001461P0001401
110,1.055794949E-18,6.283185307,0.,-4.060754174E-20,6.278613309, 0001463P0001402
0.;                                                              0001463P0001403
110,-2.220852124E-16,6.278613309,0.,1.,6.278613309,0.;           0001465P0001404
110,1.,6.278613309,0.,1.,6.283185307,0.;                         0001467P0001405
510,1471,1,1,1477;                                               0001469P0001406
120,1473,1475,5.597474321,6.283185307;                           0001471P0001407
110,51.474754571,9.642758365,-1.,51.474754571,9.642758365,0.;    0001473P0001408
110,52.552921,9.510178001,25.,52.552921,9.510178001,             0001475P0001409
3.552713679E-15;                                                 0001475P0001410
508,4,0,15,45,1,1,0,1479,0,15,46,1,1,0,1481,0,15,47,1,1,0,1483,  0001477P0001411
0,15,48,1,1,0,1485;                                              0001477P0001412
110,1.583487619E-16,6.283185307,0.,-6.090336975E-18,5.597474321, 0001479P0001413
0.;                                                              0001479P0001414
110,-2.281349419E-16,5.597474321,0.,1.,5.597474321,0.;           0001481P0001415
110,1.,5.597474321,0.,1.,6.283185307,0.;                         0001483P0001416
110,1.,6.283185307,0.,-4.440892099E-16,6.283185307,0.;           0001485P0001417
510,1489,1,1,1495;                                               0001487P0001418
120,1491,1493,5.840971744,6.283185307;                           0001489P0001419
110,51.121982706,10.011897176,-1.,51.121982706,10.011897176,0.;  0001491P0001420
110,52.225269001,8.857425001,25.,52.225269001,8.857425001,       0001493P0001421
3.552713679E-15;                                                 0001493P0001422
508,4,0,15,49,1,1,0,1497,0,15,50,1,1,0,1499,0,15,51,1,1,0,1501,  0001495P0001423
0,15,52,1,1,0,1503;                                              0001495P0001424
110,1.021187813E-16,6.283185307,0.,-3.927645453E-18,5.840971744, 0001497P0001425
0.;                                                              0001497P0001426
110,-2.259722504E-16,5.840971744,0.,1.,5.840971744,0.;           0001499P0001427
110,1.,5.840971744,0.,1.,6.283185307,0.;                         0001501P0001428
110,1.,6.283185307,0.,-4.440892099E-16,6.283185307,0.;           0001503P0001429
510,1507,1,1,1513;                                               0001505P0001430
120,1509,1511,6.270073354,6.283185307;                           0001507P0001431
110,-19.572617358,222.970593634,-1.,-19.572617358,222.970593634, 0001509P0001432
0.;                                                              0001509P0001433
110,51.625093975,8.496335991,25.,51.625093975,8.496335991,       0001511P0001434
7.105427358E-15;                                                 0001511P0001435
508,4,0,15,53,1,1,0,1515,0,15,54,1,1,0,1517,0,15,55,1,1,0,1519,  0001513P0001436
0,15,56,1,1,0,1521;                                              0001513P0001437
110,3.027895921E-18,6.283185307,0.,-1.164575854E-19,6.270073354, 0001515P0001438
0.;                                                              0001515P0001439
110,-2.221610625E-16,6.270073354,0.,1.,6.270073354,0.;           0001517P0001440
110,1.,6.270073354,0.,1.,6.283185307,0.;                         0001519P0001441
110,1.,6.283185307,0.,-6.661338148E-16,6.283185307,0.;           0001521P0001442
510,1525,1,1,1531;                                               0001523P0001443
120,1527,1529,6.257561657,6.283185307;                           0001525P0001444
110,7.38181576,138.06658765,-1.,7.38181576,138.06658765,0.;      0001527P0001445
110,48.806877989,7.581257996,25.,48.806877989,7.581257996,       0001529P0001446
7.105427358E-15;                                                 0001529P0001447
508,4,0,15,57,1,1,0,1533,0,15,58,1,1,0,1535,0,15,59,1,1,0,1537,  0001531P0001448
0,15,60,1,1,0,1539;                                              0001531P0001449
110,5.917176926E-18,6.283185307,0.,-2.275836503E-19,6.257561658, 0001533P0001450
0.;                                                              0001533P0001451
110,-2.222721887E-16,6.257561657,0.,1.,6.257561657,0.;           0001535P0001452
110,1.,6.257561657,0.,1.,6.283185307,0.;                         0001537P0001453
110,1.,6.283185307,0.,-6.661338148E-16,6.283185307,0.;           0001539P0001454
510,1543,1,1,1549;                                               0001541P0001455
120,1545,1547,6.265753417,6.283185307;                           0001543P0001456
110,-18.219571764,226.504521078,-1.,-18.219571764,226.504521078, 0001545P0001457
0.;                                                              0001545P0001458
110,45.450135,6.562747,25.,45.450135,6.562747,7.105427358E-15;   0001547P0001459
508,4,0,15,61,1,1,0,1551,0,15,62,1,1,0,1553,0,15,63,1,1,0,1555,  0001549P0001460
0,15,64,1,1,0,1557;                                              0001549P0001461
110,4.02548337E-18,6.283185307,0.,-1.548262394E-19,6.265753418,  0001551P0001462
0.;                                                              0001551P0001463
110,-2.221994312E-16,6.265753417,0.,1.,6.265753417,0.;           0001553P0001464
110,1.,6.265753417,0.,1.,6.283185307,0.;                         0001555P0001465
110,1.,6.283185307,0.,-6.661338148E-16,6.283185307,0.;           0001557P0001466
510,1561,1,1,1569;                                               0001559P0001467
190,1563,1565,1567;                                              0001561P0001468
116,0.,-5.775934655,0.,0;                                        0001563P0001469
123,0.261281499,-0.965262647,-0.;                                0001565P0001470
123,-0.965262647,-0.261281499,0.;                                0001567P0001471
508,4,0,15,65,1,0,0,15,66,1,0,0,15,67,1,0,0,15,68,1,0;           0001569P0001472
510,1573,1,1,1581;                                               0001571P0001473
190,1575,1577,1579;                                              0001573P0001474
116,0.,11.715045575,0.,0;                                        0001575P0001475
123,-0.270388708,-0.962751238,0.;                                0001577P0001476
123,-0.962751238,0.270388708,0.;                                 0001579P0001477
508,4,0,15,69,1,0,0,15,70,1,0,0,15,71,1,0,0,15,72,1,0;           0001581P0001478
510,1585,1,1,1591;                                               0001583P0001479
120,1587,1589,6.263537465,6.283185307;                           0001585P0001480
110,75.735383039,196.457713252,-1.,75.735383039,196.457713252,   0001587P0001481
0.;                                                              0001587P0001482
110,22.106654997,5.506391001,25.,22.106654997,5.506391001,       0001589P0001483
7.105427358E-15;                                                 0001589P0001484
508,4,0,15,73,1,1,0,1593,0,15,74,1,1,0,1595,0,15,75,1,1,0,1597,  0001591P0001485
0,15,76,1,1,0,1599;                                              0001591P0001486
110,4.537205167E-18,6.283185307,0.,-1.745079276E-19,6.263537465, 0001593P0001487
0.;                                                              0001593P0001488
110,-2.222191128E-16,6.263537465,0.,1.,6.263537465,0.;           0001595P0001489
110,1.,6.263537465,0.,1.,6.283185307,0.;                         0001597P0001490
110,1.,6.283185307,0.,-6.661338148E-16,6.283185307,0.;           0001599P0001491
510,1603,1,1,1609;                                               0001601P0001492
120,1605,1607,6.254929777,6.283185307;                           0001603P0001493
110,53.687771977,123.492879662,-1.,53.687771977,123.492879662,   0001605P0001494
0.;                                                              0001605P0001495
110,18.365466021,6.596867994,25.,18.365466021,6.596867994,       0001607P0001496
7.105427358E-15;                                                 0001607P0001497
508,4,0,15,77,1,1,0,1611,0,15,78,1,1,0,1613,0,15,79,1,1,0,1615,  0001609P0001498
0,15,80,1,1,0,1617;                                              0001609P0001499
110,6.524947476E-18,6.283185307,0.,-2.509595645E-19,6.254929777, 0001611P0001500
0.;                                                              0001611P0001501
110,-2.222955645E-16,6.254929777,0.,1.,6.254929777,0.;           0001613P0001502
110,1.,6.254929777,0.,1.,6.283185307,0.;                         0001615P0001503
110,1.,6.283185307,0.,-6.661338148E-16,6.283185307,0.;           0001617P0001504
510,1621,1,1,1627;                                               0001619P0001505
120,1623,1625,6.266965396,6.283185307;                           0001621P0001506
110,71.576054353,177.16638488,-1.,71.576054353,177.16638488,0.;  0001623P0001507
110,15.077045959,7.641446014,25.,15.077045959,7.641446014,       0001625P0001508
7.105427358E-15;                                                 0001625P0001509
508,4,0,15,81,1,1,0,1629,0,15,82,1,1,0,1631,0,15,83,1,1,0,1633,  0001627P0001510
0,15,84,1,1,0,1635;                                              0001627P0001511
110,3.74560544E-18,6.283185307,0.,-1.440618126E-19,6.266965396,  0001629P0001512
0.;                                                              0001629P0001513
110,-2.221886667E-16,6.266965396,0.,1.,6.266965396,0.;           0001631P0001514
110,1.,6.266965396,0.,1.,6.283185307,0.;                         0001633P0001515
110,1.,6.283185307,0.,-6.661338148E-16,6.283185307,0.;           0001635P0001516
510,1639,1,1,1645;                                               0001637P0001517
120,1641,1643,5.868018583,6.283185307;                           0001639P0001518
110,12.964020938,10.370388496,-1.,12.964020938,10.370388496,0.;  0001641P0001519
110,12.334919001,8.580114,25.,12.334919001,8.580114,             0001643P0001520
3.552713679E-15;                                                 0001643P0001521
508,4,0,15,85,1,1,0,1647,0,15,86,1,1,0,1649,0,15,87,1,1,0,1651,  0001645P0001522
0,15,88,1,1,0,1653;                                              0001645P0001523
110,9.587295241E-17,6.283185307,0.,-3.687421207E-18,5.868018584, 0001647P0001524
0.;                                                              0001647P0001525
110,-2.257320262E-16,5.868018583,0.,1.,5.868018583,0.;           0001649P0001526
110,1.,5.868018583,0.,1.,6.283185307,0.;                         0001651P0001527
110,1.,6.283185307,0.,-4.440892099E-16,6.283185307,0.;           0001653P0001528
510,1657,1,1,1663;                                               0001655P0001529
120,1659,1661,5.590831403,6.283185307;                           0001657P0001530
110,12.49418034,9.869163426,-1.,12.49418034,9.869163426,0.;      0001659P0001531
110,11.666268,8.985943001,25.,11.666268,8.985943001,             0001661P0001532
3.552713679E-15;                                                 0001661P0001533
508,4,0,15,89,1,1,0,1665,0,15,90,1,1,0,1667,0,15,91,1,1,0,1669,  0001663P0001534
0,15,92,1,1,0,1671;                                              0001663P0001535
110,1.59882787E-16,6.283185307,0.,-6.14933799E-18,5.590831403,   0001665P0001536
0.;                                                              0001665P0001537
110,-2.281939429E-16,5.590831403,0.,1.,5.590831403,0.;           0001667P0001538
110,1.,5.590831403,0.,1.,6.283185307,0.;                         0001669P0001539
110,1.,6.283185307,0.,-4.440892099E-16,6.283185307,0.;           0001671P0001540
510,1675,1,1,1681;                                               0001673P0001541
120,1677,1679,6.276949312,6.283185307;                           0001675P0001542
110,1.012078109E+03,135.832905062,-1.,1.012078109E+03,           0001677P0001543
135.832905062,0.;                                                0001677P0001544
110,11.293094221,9.717806966,25.,11.293094221,9.717806966,       0001679P0001545
7.105427358E-15;                                                 0001679P0001546
508,4,0,15,93,1,1,0,1683,0,15,94,1,1,0,1685,0,15,95,1,1,0,1687,  0001681P0001547
0,15,96,1,1,0,1689;                                              0001681P0001548
110,1.440055768E-18,6.283185307,0.,-5.538678979E-20,6.276949312, 0001683P0001549
0.;                                                              0001683P0001550
110,-2.220999917E-16,6.276949312,0.,1.,6.276949312,0.;           0001685P0001551
110,1.,6.276949312,0.,1.,6.283185307,0.;                         0001687P0001552
110,1.,6.283185307,0.,-6.661338148E-16,6.283185307,0.;           0001689P0001553
510,1693,1,1,1699;                                               0001691P0001554
120,1695,1697,6.262705486,6.283185307;                           0001693P0001555
110,363.372355974,58.192278812,-1.,363.372355974,58.192278812,   0001695P0001556
0.;                                                              0001695P0001557
110,10.52610499,15.96110908,25.,10.52610499,15.96110908,         0001697P0001558
7.105427358E-15;                                                 0001697P0001559
508,4,0,15,97,1,1,0,1701,0,15,98,1,1,0,1703,0,15,99,1,1,0,1705,  0001699P0001560
0,15,100,1,1,0,1707;                                             0001699P0001561
110,4.729331074E-18,6.283185307,0.,-1.818974014E-19,6.262705486, 0001701P0001562
0.;                                                              0001701P0001563
110,-2.222265023E-16,6.262705486,0.,1.,6.262705486,0.;           0001703P0001564
110,1.,6.262705486,0.,1.,6.283185307,0.;                         0001705P0001565
110,1.,6.283185307,0.,-6.661338148E-16,6.283185307,0.;           0001707P0001566
510,1711,1,1,1717;                                               0001709P0001567
120,1713,1715,6.270169353,6.283185307;                           0001711P0001568
110,657.621012289,87.312201152,-1.,657.621012289,87.312201152,   0001713P0001569
0.;                                                              0001713P0001570
110,9.735271984,23.195688164,25.,9.735271984,23.195688164,       0001715P0001571
7.105427358E-15;                                                 0001715P0001572
508,4,0,15,101,1,1,0,1719,0,15,102,1,1,0,1721,0,15,103,1,1,0,    0001717P0001573
1723,0,15,104,1,1,0,1725;                                        0001717P0001574
110,3.005727219E-18,6.283185307,0.,-1.156049487E-19,6.270169353, 0001719P0001575
0.;                                                              0001719P0001576
110,-2.221602098E-16,6.270169353,0.,1.,6.270169353,0.;           0001721P0001577
110,1.,6.270169353,0.,1.,6.283185307,0.;                         0001723P0001578
110,1.,6.283185307,0.,-6.661338148E-16,6.283185307,0.;           0001725P0001579
510,1729,1,1,1735;                                               0001727P0001580
120,1731,1733,6.281137307,6.283185307;                           0001729P0001581
110,-4.214250429E+03,-330.869629056,-1.,-4.214250429E+03,        0001731P0001582
-330.869629056,-2.;                                              0001731P0001583
110,8.955638197,31.633731879,25.,8.955638197,31.633731879,       0001733P0001584
3.907985047E-14;                                                 0001733P0001585
508,4,0,15,105,1,1,0,1737,0,15,106,1,1,0,1739,0,15,107,1,1,0,    0001735P0001586
1741,0,15,108,1,1,0,1743;                                        0001735P0001587
110,-1.662568988E-16,6.281137307,0.,1.,6.281137307,0.;           0001737P0001588
110,1.,6.281137307,0.,1.,6.283185307,0.;                         0001739P0001589
110,1.,6.283185307,0.,-5.551115123E-16,6.283185307,0.;           0001741P0001590
110,4.729372012E-19,6.283185307,0.,-1.818989245E-20,6.281137307, 0001743P0001591
0.;                                                              0001743P0001592
510,1747,1,1,1753;                                               0001745P0001593
120,1749,1751,6.280497308,6.283185307;                           0001747P0001594
110,-2.929741557E+03,-217.966091691,-1.,-2.929741557E+03,        0001749P0001595
-217.966091691,-2.;                                              0001749P0001596
110,8.204375261,40.282091006,25.,8.204375261,40.282091006,       0001751P0001597
3.907985047E-14;                                                 0001751P0001598
508,4,0,15,109,1,1,0,1755,0,15,110,1,1,0,1757,0,15,111,1,1,0,    0001753P0001599
1759,0,15,112,1,1,0,1761;                                        0001753P0001600
110,1.,6.280497308,0.,1.,6.283185307,0.;                         0001755P0001601
110,1.,6.283185307,0.,-5.551115123E-16,6.283185307,0.;           0001757P0001602
110,6.207300381E-19,6.283185307,0.,-2.387423232E-20,6.280497308, 0001759P0001603
0.;                                                              0001759P0001604
110,-1.662625832E-16,6.280497308,0.,1.,6.280497308,0.;           0001761P0001605
510,1765,1,1,1771;                                               0001763P0001606
120,1767,1769,6.281225307,6.283185307;                           0001765P0001607
110,-3.369366985E+03,-257.79928148,-1.,-3.369366985E+03,         0001767P0001608
-257.79928148,-2.;                                               0001767P0001609
110,7.499591777,48.178345986,25.,7.499591777,48.178345986,       0001769P0001610
3.907985047E-14;                                                 0001769P0001611
508,4,0,15,113,1,1,0,1773,0,15,114,1,1,0,1775,0,15,115,1,1,0,    0001771P0001612
1777,0,15,116,1,1,0,1779;                                        0001771P0001613
110,1.,6.281225307,0.,1.,6.283185307,0.;                         0001773P0001614
110,1.,6.283185307,0.,-5.551115123E-16,6.283185307,0.;           0001775P0001615
110,4.526156908E-19,6.283185307,0.,-1.740829563E-20,6.281225307, 0001777P0001616
0.;                                                              0001777P0001617
110,-1.662561172E-16,6.281225307,0.,1.,6.281225307,0.;           0001779P0001618
510,1783,1,1,1789;                                               0001781P0001619
120,1785,1787,6.257601656,6.283185307;                           0001783P0001620
110,-89.135339476,45.90549922,-1.,-89.135339476,45.90549922,-2.; 0001785P0001621
110,6.893388997,54.796412028,25.,6.893388997,54.796412028,       0001787P0001622
3.907985047E-14;                                                 0001787P0001623
508,4,0,15,117,1,1,0,1791,0,15,118,1,1,0,1793,0,15,119,1,1,0,    0001789P0001624
1795,0,15,120,1,1,0,1797;                                        0001789P0001625
110,5.90794018E-18,6.283185307,0.,-2.272284684E-19,6.257601656,  0001791P0001626
0.;                                                              0001791P0001627
110,-1.664659374E-16,6.257601656,0.,1.,6.257601656,0.;           0001793P0001628
110,1.,6.257601656,0.,1.,6.283185307,0.;                         0001795P0001629
110,1.,6.283185307,0.,-5.551115123E-16,6.283185307,0.;           0001797P0001630
510,1801,1,1,1807;                                               0001799P0001631
120,1803,1805,5.400779631,6.283185308;                           0001801P0001632
110,43.999998977,45.566837771,-1.,43.999998977,45.566837771,-2.; 0001803P0001633
110,45.106787,46.477318,25.,45.106787,46.477318,4.263256415E-14; 0001805P0001634
508,4,0,15,121,1,1,0,1809,0,15,122,1,1,0,1811,0,15,123,1,1,0,    0001807P0001635
1813,0,15,124,1,1,0,1815;                                        0001807P0001636
110,1.,6.283185307,0.,-2.220446049E-16,6.283185307,0.;           0001809P0001637
110,2.037707566E-16,6.283185307,0.,-7.837336792E-18,5.400779631, 0001811P0001638
0.;                                                              0001811P0001639
110,-1.662387088E-16,5.400779631,0.,1.,5.400779631,0.;           0001813P0001640
110,1.,5.400779631,0.,1.,6.283185308,0.;                         0001815P0001641
510,1819,1,1,1825;                                               0001817P0001642
120,1821,1823,5.811578762,6.283185308;                           0001819P0001643
110,43.999999043,44.679704984,-1.,43.999999043,44.679704984,-2.; 0001821P0001644
110,44.,47.,25.,44.,47.,3.907985047E-14;                         0001823P0001645
508,4,0,15,125,1,1,0,1827,0,15,126,1,1,0,1829,0,15,127,1,1,0,    0001825P0001646
1831,0,15,128,1,1,0,1833;                                        0001825P0001647
110,1.,6.283185307,0.,-4.440892099E-16,6.283185307,0.;           0001827P0001648
110,1.089063966E-16,6.283185307,0.,-4.188707562E-18,5.811578762, 0001829P0001649
0.;                                                              0001829P0001650
110,-1.662387088E-16,5.811578762,0.,1.,5.811578762,0.;           0001831P0001651
110,1.,5.811578762,0.,1.,6.283185308,0.;                         0001833P0001652
510,1837,1,1,1843;                                               0001835P0001653
120,1839,1841,5.532766823,6.283185307;                           0001837P0001654
110,43.511963345,45.636662136,-1.,43.511963345,45.636662136,-2.; 0001839P0001655
110,42.945848,46.746716,25.,42.945848,46.746716,4.263256415E-14; 0001841P0001656
508,4,0,15,129,1,1,0,1845,0,15,130,1,1,0,1847,0,15,131,1,1,0,    0001843P0001657
1849,0,15,132,1,1,0,1851;                                        0001843P0001658
110,1.,6.283185307,0.,-4.440892099E-16,6.283185307,0.;           0001845P0001659
110,1.732914309E-16,6.283185307,0.,-6.665055034E-18,5.532766823, 0001847P0001660
0.;                                                              0001847P0001661
110,-1.662387089E-16,5.532766823,0.,1.,5.532766823,0.;           0001849P0001662
110,1.,5.532766823,0.,1.,6.283185307,0.;                         0001851P0001663
510,1855,1,1,1861;                                               0001853P0001664
120,1857,1859,5.973581064,6.283185307;                           0001855P0001665
110,46.758551005,44.456085228,-1.,46.758551005,44.456085228,-2.; 0001857P0001666
110,42.340909,46.062500001,25.,42.340909,46.062500001,           0001859P0001667
4.263256415E-14;                                                 0001859P0001668
508,4,0,15,133,1,1,0,1863,0,15,134,1,1,0,1865,0,15,135,1,1,0,    0001861P0001669
1867,0,15,136,1,1,0,1869;                                        0001861P0001670
110,1.,6.283185307,0.,-4.440892099E-16,6.283185307,0.;           0001863P0001671
110,7.149578986E-17,6.283185307,0.,-2.749838072E-18,5.973581064, 0001865P0001672
0.;                                                              0001865P0001673
110,-1.66238709E-16,5.973581064,0.,1.,5.973581064,0.;            0001867P0001674
110,1.,5.973581064,0.,1.,6.283185307,0.;                         0001869P0001675
510,1873,1,1,1879;                                               0001871P0001676
120,1875,1877,6.244018559,6.283185307;                           0001873P0001677
110,122.194301644,41.499962624,-1.,122.194301644,41.499962624,   0001875P0001678
-2.;                                                             0001875P0001679
110,42.061504,44.640147,25.,42.061504,44.640147,3.907985047E-14; 0001877P0001680
508,4,0,15,137,1,1,0,1881,0,15,138,1,1,0,1883,0,15,139,1,1,0,    0001879P0001681
1885,0,15,140,1,1,0,1887;                                        0001879P0001682
110,1.,6.283185307,0.,-5.551115123E-16,6.283185307,0.;           0001881P0001683
110,9.044635736E-18,6.283185307,0.,-3.478706054E-19,6.244018559, 0001883P0001684
0.;                                                              0001883P0001685
110,-1.662387089E-16,6.244018559,0.,1.,6.244018559,0.;           0001885P0001686
110,1.,6.244018559,0.,1.,6.283185307,0.;                         0001887P0001687
510,1891,1,1,1899;                                               0001889P0001688
190,1893,1895,1897;                                              0001891P0001689
116,42.,0.,0.,0;                                                 0001893P0001690
123,1.,0.,-0.;                                                   0001895P0001691
123,0.,0.,1.;                                                    0001897P0001692
508,4,0,15,141,1,0,0,15,142,1,0,0,15,143,1,0,0,15,144,1,0;       0001899P0001693
510,1903,1,1,1911;                                               0001901P0001694
190,1905,1907,1909;                                              0001903P0001695
116,0.,36.,0.,0;                                                 0001905P0001696
123,0.,-1.,0.;                                                   0001907P0001697
123,0.,-0.,-1.;                                                  0001909P0001698
508,4,0,15,145,1,0,0,15,146,1,0,0,15,147,1,0,0,15,148,1,0;       0001911P0001699
510,1915,1,1,1923;                                               0001913P0001700
190,1917,1919,1921;                                              0001915P0001701
116,0.,36.,0.,0;                                                 0001917P0001702
123,0.,-1.,0.;                                                   0001919P0001703
123,0.,-0.,-1.;                                                  0001921P0001704
508,4,0,15,149,1,0,0,15,150,1,0,0,15,151,1,0,0,15,152,1,0;       0001923P0001705
510,1927,1,1,1935;                                               0001925P0001706
190,1929,1931,1933;                                              0001927P0001707
116,22.,0.,0.,0;                                                 0001929P0001708
123,-1.,0.,0.;                                                   0001931P0001709
123,0.,0.,-1.;                                                   0001933P0001710
508,4,0,15,153,1,0,0,15,154,1,0,0,15,155,1,0,0,15,156,1,0;       0001935P0001711
510,1939,1,1,1945;                                               0001937P0001712
120,1941,1943,6.244018559,6.283185307;                           0001939P0001713
110,-58.194301644,41.499962624,-1.,-58.194301644,41.499962624,   0001941P0001714
-2.;                                                             0001941P0001715
110,22.,41.5,25.,22.,41.5,3.907985047E-14;                       0001943P0001716
508,4,0,15,157,1,1,0,1947,0,15,158,1,1,0,1949,0,15,159,1,1,0,    0001945P0001717
1951,0,15,160,1,1,0,1953;                                        0001945P0001718
110,1.,6.283185307,0.,-5.551115123E-16,6.283185307,0.;           0001947P0001719
110,9.044635736E-18,6.283185307,0.,-3.478706054E-19,6.244018559, 0001949P0001720
0.;                                                              0001949P0001721
110,-1.662387089E-16,6.244018559,0.,1.,6.244018559,0.;           0001951P0001722
110,1.,6.244018559,0.,1.,6.283185307,0.;                         0001953P0001723
510,1957,1,1,1963;                                               0001955P0001724
120,1959,1961,5.973581064,6.283185307;                           0001957P0001725
110,17.241448995,44.456085228,-1.,17.241448995,44.456085228,-2.; 0001959P0001726
110,21.938496001,44.640147,25.,21.938496001,44.640147,           0001961P0001727
4.263256415E-14;                                                 0001961P0001728
508,4,0,15,161,1,1,0,1965,0,15,162,1,1,0,1967,0,15,163,1,1,0,    0001963P0001729
1969,0,15,164,1,1,0,1971;                                        0001963P0001730
110,1.,6.283185307,0.,-4.440892099E-16,6.283185307,0.;           0001965P0001731
110,7.149578986E-17,6.283185307,0.,-2.749838072E-18,5.973581064, 0001967P0001732
0.;                                                              0001967P0001733
110,-1.66238709E-16,5.973581064,0.,1.,5.973581064,0.;            0001969P0001734
110,1.,5.973581064,0.,1.,6.283185307,0.;                         0001971P0001735
510,1975,1,1,1981;                                               0001973P0001736
120,1977,1979,5.532766823,6.283185307;                           0001975P0001737
110,20.488036655,45.636662136,-1.,20.488036655,45.636662136,-2.; 0001977P0001738
110,21.659091,46.0625,25.,21.659091,46.0625,4.263256415E-14;     0001979P0001739
508,4,0,15,165,1,1,0,1983,0,15,166,1,1,0,1985,0,15,167,1,1,0,    0001981P0001740
1987,0,15,168,1,1,0,1989;                                        0001981P0001741
110,1.,6.283185307,0.,-4.440892099E-16,6.283185307,0.;           0001983P0001742
110,1.732914309E-16,6.283185307,0.,-6.665055034E-18,5.532766823, 0001985P0001743
0.;                                                              0001985P0001744
110,-1.662387089E-16,5.532766823,0.,1.,5.532766823,0.;           0001987P0001745
110,1.,5.532766823,0.,1.,6.283185307,0.;                         0001989P0001746
510,1993,1,1,1999;                                               0001991P0001747
120,1995,1997,5.811578762,6.283185308;                           0001993P0001748
110,20.000000957,44.679704984,-1.,20.000000957,44.679704984,-2.; 0001995P0001749
110,21.054152001,46.746715999,25.,21.054152001,46.746715999,     0001997P0001750
3.907985047E-14;                                                 0001997P0001751
508,4,0,15,169,1,1,0,2001,0,15,170,1,1,0,2003,0,15,171,1,1,0,    0001999P0001752
2005,0,15,172,1,1,0,2007;                                        0001999P0001753
110,1.,6.283185307,0.,-4.440892099E-16,6.283185307,0.;           0002001P0001754
110,1.089063966E-16,6.283185307,0.,-4.188707562E-18,5.811578762, 0002003P0001755
0.;                                                              0002003P0001756
110,-1.662387088E-16,5.811578762,0.,1.,5.811578762,0.;           0002005P0001757
110,1.,5.811578762,0.,1.,6.283185308,0.;                         0002007P0001758
510,2011,1,1,2017;                                               0002009P0001759
120,2013,2015,5.400779631,6.283185308;                           0002011P0001760
110,20.000001023,45.566837771,-1.,20.000001023,45.566837771,-2.; 0002013P0001761
110,20.,47.,25.,20.,47.,4.263256415E-14;                         0002015P0001762
508,4,0,15,173,1,1,0,2019,0,15,174,1,1,0,2021,0,15,175,1,1,0,    0002017P0001763
2023,0,15,176,1,1,0,2025;                                        0002017P0001764
110,1.,6.283185307,0.,-2.220446049E-16,6.283185307,0.;           0002019P0001765
110,2.037707566E-16,6.283185307,0.,-7.837336792E-18,5.400779631, 0002021P0001766
0.;                                                              0002021P0001767
110,-1.662387088E-16,5.400779631,0.,1.,5.400779631,0.;           0002023P0001768
110,1.,5.400779631,0.,1.,6.283185308,0.;                         0002025P0001769
510,2029,1,1,2035;                                               0002027P0001770
120,2031,2033,5.747443958,6.283185307;                           0002029P0001771
110,21.05437173,44.699476711,-1.,21.05437173,44.699476711,-2.;   0002031P0001772
110,18.893213,46.477318,25.,18.893213,46.477318,3.907985047E-14; 0002033P0001773
508,4,0,15,177,1,1,0,2037,0,15,178,1,1,0,2039,0,15,179,1,1,0,    0002035P0001774
2041,0,15,180,1,1,0,2043;                                        0002035P0001775
110,1.,6.283185307,0.,-4.440892099E-16,6.283185307,0.;           0002037P0001776
110,1.237168152E-16,6.283185307,0.,-4.758339045E-18,5.747443958, 0002039P0001777
0.;                                                              0002039P0001778
110,-1.66238709E-16,5.747443958,0.,1.,5.747443958,0.;            0002041P0001779
110,1.,5.747443958,0.,1.,6.283185307,0.;                         0002043P0001780
510,2047,1,1,2053;                                               0002045P0001781
120,2049,2051,6.141264889,6.283185308;                           0002047P0001782
110,39.20217301,41.907522189,-1.,39.20217301,41.907522189,-2.;   0002049P0001783
110,18.288462,45.125000003,25.,18.288462,45.125000003,           0002051P0001784
4.263256415E-14;                                                 0002051P0001785
508,4,0,15,181,1,1,0,2055,0,15,182,1,1,0,2057,0,15,183,1,1,0,    0002053P0001786
2059,0,15,184,1,1,0,2061;                                        0002053P0001787
110,1.,6.283185307,0.,-6.661338148E-16,6.283185307,0.;           0002055P0001788
110,3.277316977E-17,6.283185307,0.,-1.26050653E-18,6.141264889,  0002057P0001789
0.;                                                              0002057P0001790
110,-1.662387088E-16,6.141264889,0.,1.,6.141264889,0.;           0002059P0001791
110,1.,6.141264889,0.,1.,6.283185308,0.;                         0002061P0001792
510,2065,1,1,2071;                                               0002063P0001793
120,2067,2069,6.272457333,6.283185307;                           0002065P0001794
110,776.267945453,34.000363088,-1.,776.267945453,34.000363088,   0002067P0001795
-2.;                                                             0002067P0001796
110,18.04363,42.134523001,25.,18.04363,42.134523001,             0002069P0001797
3.907985047E-14;                                                 0002069P0001798
508,4,0,15,185,1,1,0,2073,0,15,186,1,1,0,2075,0,15,187,1,1,0,    0002071P0001799
2077,0,15,188,1,1,0,2079;                                        0002071P0001800
110,1.,6.283185307,0.,-5.551115123E-16,6.283185307,0.;           0002073P0001801
110,2.47737236E-18,6.283185307,0.,-9.52835524E-20,6.272457333,   0002075P0001802
0.;                                                              0002075P0001803
110,-1.662387089E-16,6.272457333,0.,1.,6.272457333,0.;           0002077P0001804
110,1.,6.272457333,0.,1.,6.283185307,0.;                         0002079P0001805
510,2083,1,1,2089;                                               0002081P0001806
120,2085,2087,6.272457333,6.283185307;                           0002083P0001807
110,776.267945453,33.999636912,-1.,776.267945453,33.999636912,   0002085P0001808
-2.;                                                             0002085P0001809
110,18.,34.,25.,18.,34.,3.907985047E-14;                         0002087P0001810
508,4,0,15,189,1,1,0,2091,0,15,190,1,1,0,2093,0,15,191,1,1,0,    0002089P0001811
2095,0,15,192,1,1,0,2097;                                        0002089P0001812
110,1.,6.283185307,0.,-5.551115123E-16,6.283185307,0.;           0002091P0001813
110,2.47737236E-18,6.283185307,0.,-9.52835524E-20,6.272457333,   0002093P0001814
0.;                                                              0002093P0001815
110,-1.662387089E-16,6.272457333,0.,1.,6.272457333,0.;           0002095P0001816
110,1.,6.272457333,0.,1.,6.283185307,0.;                         0002097P0001817
510,2101,1,1,2107;                                               0002099P0001818
120,2103,2105,6.141264889,6.283185308;                           0002101P0001819
110,39.20217301,26.092477811,-1.,39.20217301,26.092477811,-2.;   0002103P0001820
110,18.043629999,25.865477,25.,18.043629999,25.865477,           0002105P0001821
4.263256415E-14;                                                 0002105P0001822
508,4,0,15,193,1,1,0,2109,0,15,194,1,1,0,2111,0,15,195,1,1,0,    0002107P0001823
2113,0,15,196,1,1,0,2115;                                        0002107P0001824
110,1.,6.283185307,0.,-6.661338148E-16,6.283185307,0.;           0002109P0001825
110,3.277316977E-17,6.283185307,0.,-1.26050653E-18,6.141264889,  0002111P0001826
0.;                                                              0002111P0001827
110,-1.662387088E-16,6.141264889,0.,1.,6.141264889,0.;           0002113P0001828
110,1.,6.141264889,0.,1.,6.283185308,0.;                         0002115P0001829
510,2119,1,1,2125;                                               0002117P0001830
120,2121,2123,5.747443958,6.283185307;                           0002119P0001831
110,21.05437173,23.300523289,-1.,21.05437173,23.300523289,-2.;   0002121P0001832
110,18.288462,22.874999999,25.,18.288462,22.874999999,           0002123P0001833
3.907985047E-14;                                                 0002123P0001834
508,4,0,15,197,1,1,0,2127,0,15,198,1,1,0,2129,0,15,199,1,1,0,    0002125P0001835
2131,0,15,200,1,1,0,2133;                                        0002125P0001836
110,1.,6.283185307,0.,-4.440892099E-16,6.283185307,0.;           0002127P0001837
110,1.237168152E-16,6.283185307,0.,-4.758339045E-18,5.747443958, 0002129P0001838
0.;                                                              0002129P0001839
110,-1.66238709E-16,5.747443958,0.,1.,5.747443958,0.;            0002131P0001840
110,1.,5.747443958,0.,1.,6.283185307,0.;                         0002133P0001841
510,2137,1,1,2143;                                               0002135P0001842
120,2139,2141,5.400779631,6.283185308;                           0002137P0001843
110,20.000001023,22.433162229,-1.,20.000001023,22.433162229,-2.; 0002139P0001844
110,18.893213,21.522682,25.,18.893213,21.522682,4.263256415E-14; 0002141P0001845
508,4,0,15,201,1,1,0,2145,0,15,202,1,1,0,2147,0,15,203,1,1,0,    0002143P0001846
2149,0,15,204,1,1,0,2151;                                        0002143P0001847
110,1.,6.283185307,0.,-2.220446049E-16,6.283185307,0.;           0002145P0001848
110,2.037707566E-16,6.283185307,0.,-7.837336792E-18,5.400779631, 0002147P0001849
0.;                                                              0002147P0001850
110,-1.662387088E-16,5.400779631,0.,1.,5.400779631,0.;           0002149P0001851
110,1.,5.400779631,0.,1.,6.283185308,0.;                         0002151P0001852
510,2155,1,1,2161;                                               0002153P0001853
120,2157,2159,5.811578762,6.283185308;                           0002155P0001854
110,20.000000957,23.320295016,-1.,20.000000957,23.320295016,-2.; 0002157P0001855
110,20.,21.,25.,20.,21.,3.907985047E-14;                         0002159P0001856
508,4,0,15,205,1,1,0,2163,0,15,206,1,1,0,2165,0,15,207,1,1,0,    0002161P0001857
2167,0,15,208,1,1,0,2169;                                        0002161P0001858
110,1.,6.283185307,0.,-4.440892099E-16,6.283185307,0.;           0002163P0001859
110,1.089063966E-16,6.283185307,0.,-4.188707562E-18,5.811578762, 0002165P0001860
0.;                                                              0002165P0001861
110,-1.662387088E-16,5.811578762,0.,1.,5.811578762,0.;           0002167P0001862
110,1.,5.811578762,0.,1.,6.283185308,0.;                         0002169P0001863
510,2173,1,1,2179;                                               0002171P0001864
120,2175,2177,5.532766823,6.283185307;                           0002173P0001865
110,20.488036655,22.363337864,-1.,20.488036655,22.363337864,-2.; 0002175P0001866
110,21.054152,21.253284,25.,21.054152,21.253284,4.263256415E-14; 0002177P0001867
508,4,0,15,209,1,1,0,2181,0,15,210,1,1,0,2183,0,15,211,1,1,0,    0002179P0001868
2185,0,15,212,1,1,0,2187;                                        0002179P0001869
110,1.,6.283185307,0.,-4.440892099E-16,6.283185307,0.;           0002181P0001870
110,1.732914309E-16,6.283185307,0.,-6.665055034E-18,5.532766823, 0002183P0001871
0.;                                                              0002183P0001872
110,-1.662387089E-16,5.532766823,0.,1.,5.532766823,0.;           0002185P0001873
110,1.,5.532766823,0.,1.,6.283185307,0.;                         0002187P0001874
510,2191,1,1,2197;                                               0002189P0001875
120,2193,2195,5.973581064,6.283185307;                           0002191P0001876
110,17.241448995,23.543914772,-1.,17.241448995,23.543914772,-2.; 0002193P0001877
110,21.659091,21.937499999,25.,21.659091,21.937499999,           0002195P0001878
4.263256415E-14;                                                 0002195P0001879
508,4,0,15,213,1,1,0,2199,0,15,214,1,1,0,2201,0,15,215,1,1,0,    0002197P0001880
2203,0,15,216,1,1,0,2205;                                        0002197P0001881
110,1.,6.283185307,0.,-4.440892099E-16,6.283185307,0.;           0002199P0001882
110,7.149578986E-17,6.283185307,0.,-2.749838072E-18,5.973581064, 0002201P0001883
0.;                                                              0002201P0001884
110,-1.66238709E-16,5.973581064,0.,1.,5.973581064,0.;            0002203P0001885
110,1.,5.973581064,0.,1.,6.283185307,0.;                         0002205P0001886
510,2209,1,1,2215;                                               0002207P0001887
120,2211,2213,6.244018559,6.283185307;                           0002209P0001888
110,-58.194301644,26.500037376,-1.,-58.194301644,26.500037376,   0002211P0001889
-2.;                                                             0002211P0001890
110,21.938496,23.359853,25.,21.938496,23.359853,3.907985047E-14; 0002213P0001891
508,4,0,15,217,1,1,0,2217,0,15,218,1,1,0,2219,0,15,219,1,1,0,    0002215P0001892
2221,0,15,220,1,1,0,2223;                                        0002215P0001893
110,1.,6.283185307,0.,-5.551115123E-16,6.283185307,0.;           0002217P0001894
110,9.044635736E-18,6.283185307,0.,-3.478706054E-19,6.244018559, 0002219P0001895
0.;                                                              0002219P0001896
110,-1.662387089E-16,6.244018559,0.,1.,6.244018559,0.;           0002221P0001897
110,1.,6.244018559,0.,1.,6.283185307,0.;                         0002223P0001898
510,2227,1,1,2235;                                               0002225P0001899
190,2229,2231,2233;                                              0002227P0001900
116,22.,0.,0.,0;                                                 0002229P0001901
123,-1.,0.,0.;                                                   0002231P0001902
123,0.,0.,-1.;                                                   0002233P0001903
508,4,0,15,221,1,0,0,15,222,1,0,0,15,223,1,0,0,15,224,1,0;       0002235P0001904
510,2239,1,1,2247;                                               0002237P0001905
190,2241,2243,2245;                                              0002239P0001906
116,0.,32.,0.,0;                                                 0002241P0001907
123,0.,1.,0.;                                                    0002243P0001908
123,0.,-0.,1.;                                                   0002245P0001909
508,4,0,15,225,1,0,0,15,226,1,0,0,15,227,1,0,0,15,228,1,0;       0002247P0001910
510,2251,1,1,2259;                                               0002249P0001911
190,2253,2255,2257;                                              0002251P0001912
116,0.,32.,0.,0;                                                 0002253P0001913
123,0.,1.,0.;                                                    0002255P0001914
123,0.,-0.,1.;                                                   0002257P0001915
508,4,0,15,229,1,0,0,15,230,1,0,0,15,231,1,0,0,15,232,1,0;       0002259P0001916
510,2263,1,1,2271;                                               0002261P0001917
190,2265,2267,2269;                                              0002263P0001918
116,42.,0.,0.,0;                                                 0002265P0001919
123,1.,0.,-0.;                                                   0002267P0001920
123,0.,0.,1.;                                                    0002269P0001921
508,4,0,15,233,1,0,0,15,234,1,0,0,15,235,1,0,0,15,236,1,0;       0002271P0001922
510,2275,1,1,2281;                                               0002273P0001923
120,2277,2279,6.244018559,6.283185307;                           0002275P0001924
110,122.194301644,26.500037376,-1.,122.194301644,26.500037376,   0002277P0001925
-2.;                                                             0002277P0001926
110,42.,26.5,25.,42.,26.5,3.907985047E-14;                       0002279P0001927
508,4,0,15,237,1,1,0,2283,0,15,238,1,1,0,2285,0,15,239,1,1,0,    0002281P0001928
2287,0,15,240,1,1,0,2289;                                        0002281P0001929
110,1.,6.283185307,0.,-5.551115123E-16,6.283185307,0.;           0002283P0001930
110,9.044635736E-18,6.283185307,0.,-3.478706054E-19,6.244018559, 0002285P0001931
0.;                                                              0002285P0001932
110,-1.662387089E-16,6.244018559,0.,1.,6.244018559,0.;           0002287P0001933
110,1.,6.244018559,0.,1.,6.283185307,0.;                         0002289P0001934
510,2293,1,1,2299;                                               0002291P0001935
120,2295,2297,5.973581064,6.283185307;                           0002293P0001936
110,46.758551005,23.543914772,-1.,46.758551005,23.543914772,-2.; 0002295P0001937
110,42.061503999,23.359853,25.,42.061503999,23.359853,           0002297P0001938
4.263256415E-14;                                                 0002297P0001939
508,4,0,15,241,1,1,0,2301,0,15,242,1,1,0,2303,0,15,243,1,1,0,    0002299P0001940
2305,0,15,244,1,1,0,2307;                                        0002299P0001941
110,1.,6.283185307,0.,-4.440892099E-16,6.283185307,0.;           0002301P0001942
110,7.149578986E-17,6.283185307,0.,-2.749838072E-18,5.973581064, 0002303P0001943
0.;                                                              0002303P0001944
110,-1.66238709E-16,5.973581064,0.,1.,5.973581064,0.;            0002305P0001945
110,1.,5.973581064,0.,1.,6.283185307,0.;                         0002307P0001946
510,2311,1,1,2317;                                               0002309P0001947
120,2313,2315,5.532766823,6.283185307;                           0002311P0001948
110,43.511963345,22.363337864,-1.,43.511963345,22.363337864,-2.; 0002313P0001949
110,42.340909,21.9375,25.,42.340909,21.9375,4.263256415E-14;     0002315P0001950
508,4,0,15,245,1,1,0,2319,0,15,246,1,1,0,2321,0,15,247,1,1,0,    0002317P0001951
2323,0,15,248,1,1,0,2325;                                        0002317P0001952
110,1.,6.283185307,0.,-4.440892099E-16,6.283185307,0.;           0002319P0001953
110,1.732914309E-16,6.283185307,0.,-6.665055034E-18,5.532766823, 0002321P0001954
0.;                                                              0002321P0001955
110,-1.662387089E-16,5.532766823,0.,1.,5.532766823,0.;           0002323P0001956
110,1.,5.532766823,0.,1.,6.283185307,0.;                         0002325P0001957
510,2329,1,1,2335;                                               0002327P0001958
120,2331,2333,5.811578762,6.283185308;                           0002329P0001959
110,43.999999043,23.320295016,-1.,43.999999043,23.320295016,-2.; 0002331P0001960
110,42.945847999,21.253284001,25.,42.945847999,21.253284001,     0002333P0001961
3.907985047E-14;                                                 0002333P0001962
508,4,0,15,249,1,1,0,2337,0,15,250,1,1,0,2339,0,15,251,1,1,0,    0002335P0001963
2341,0,15,252,1,1,0,2343;                                        0002335P0001964
110,1.,6.283185307,0.,-4.440892099E-16,6.283185307,0.;           0002337P0001965
110,1.089063966E-16,6.283185307,0.,-4.188707562E-18,5.811578762, 0002339P0001966
0.;                                                              0002339P0001967
110,-1.662387088E-16,5.811578762,0.,1.,5.811578762,0.;           0002341P0001968
110,1.,5.811578762,0.,1.,6.283185308,0.;                         0002343P0001969
510,2347,1,1,2353;                                               0002345P0001970
120,2349,2351,5.400779631,6.283185308;                           0002347P0001971
110,43.999998977,22.433162229,-1.,43.999998977,22.433162229,-2.; 0002349P0001972
110,44.,21.,25.,44.,21.,4.263256415E-14;                         0002351P0001973
508,4,0,15,253,1,1,0,2355,0,15,254,1,1,0,2357,0,15,255,1,1,0,    0002353P0001974
2359,0,15,256,1,1,0,2361;                                        0002353P0001975
110,1.,6.283185307,0.,-2.220446049E-16,6.283185307,0.;           0002355P0001976
110,2.037707566E-16,6.283185307,0.,-7.837336792E-18,5.400779631, 0002357P0001977
0.;                                                              0002357P0001978
110,-1.662387088E-16,5.400779631,0.,1.,5.400779631,0.;           0002359P0001979
110,1.,5.400779631,0.,1.,6.283185308,0.;                         0002361P0001980
510,2365,1,1,2371;                                               0002363P0001981
120,2367,2369,5.747443958,6.283185307;                           0002365P0001982
110,42.94562827,23.300523289,-1.,42.94562827,23.300523289,-2.;   0002367P0001983
110,45.106787,21.522682,25.,45.106787,21.522682,3.907985047E-14; 0002369P0001984
508,4,0,15,257,1,1,0,2373,0,15,258,1,1,0,2375,0,15,259,1,1,0,    0002371P0001985
2377,0,15,260,1,1,0,2379;                                        0002371P0001986
110,1.,6.283185307,0.,-4.440892099E-16,6.283185307,0.;           0002373P0001987
110,1.237168152E-16,6.283185307,0.,-4.758339045E-18,5.747443958, 0002375P0001988
0.;                                                              0002375P0001989
110,-1.66238709E-16,5.747443958,0.,1.,5.747443958,0.;            0002377P0001990
110,1.,5.747443958,0.,1.,6.283185307,0.;                         0002379P0001991
510,2383,1,1,2389;                                               0002381P0001992
120,2385,2387,6.141264889,6.283185308;                           0002383P0001993
110,24.79782699,26.092477811,-1.,24.79782699,26.092477811,-2.;   0002385P0001994
110,45.711538,22.874999997,25.,45.711538,22.874999997,           0002387P0001995
4.263256415E-14;                                                 0002387P0001996
508,4,0,15,261,1,1,0,2391,0,15,262,1,1,0,2393,0,15,263,1,1,0,    0002389P0001997
2395,0,15,264,1,1,0,2397;                                        0002389P0001998
110,1.,6.283185307,0.,-6.661338148E-16,6.283185307,0.;           0002391P0001999
110,3.277316977E-17,6.283185307,0.,-1.26050653E-18,6.141264889,  0002393P0002000
0.;                                                              0002393P0002001
110,-1.662387088E-16,6.141264889,0.,1.,6.141264889,0.;           0002395P0002002
110,1.,6.141264889,0.,1.,6.283185308,0.;                         0002397P0002003
510,2401,1,1,2407;                                               0002399P0002004
120,2403,2405,6.272457333,6.283185307;                           0002401P0002005
110,-712.267945453,33.999636912,-1.,-712.267945453,33.999636912, 0002403P0002006
-2.;                                                             0002403P0002007
110,45.95637,25.865476999,25.,45.95637,25.865476999,             0002405P0002008
3.907985047E-14;                                                 0002405P0002009
508,4,0,15,265,1,1,0,2409,0,15,266,1,1,0,2411,0,15,267,1,1,0,    0002407P0002010
2413,0,15,268,1,1,0,2415;                                        0002407P0002011
110,1.,6.283185307,0.,-5.551115123E-16,6.283185307,0.;           0002409P0002012
110,2.47737236E-18,6.283185307,0.,-9.52835524E-20,6.272457333,   0002411P0002013
0.;                                                              0002411P0002014
110,-1.662387089E-16,6.272457333,0.,1.,6.272457333,0.;           0002413P0002015
110,1.,6.272457333,0.,1.,6.283185307,0.;                         0002415P0002016
510,2419,1,1,2425;                                               0002417P0002017
120,2421,2423,6.272457333,6.283185307;                           0002419P0002018
110,-712.267945453,34.000363088,-1.,-712.267945453,34.000363088, 0002421P0002019
-2.;                                                             0002421P0002020
110,46.,34.,25.,46.,34.,3.907985047E-14;                         0002423P0002021
508,4,0,15,269,1,1,0,2427,0,15,270,1,1,0,2429,0,15,271,1,1,0,    0002425P0002022
2431,0,15,272,1,1,0,2433;                                        0002425P0002023
110,1.,6.283185307,0.,-5.551115123E-16,6.283185307,0.;           0002427P0002024
110,2.47737236E-18,6.283185307,0.,-9.52835524E-20,6.272457333,   0002429P0002025
0.;                                                              0002429P0002026
110,-1.662387089E-16,6.272457333,0.,1.,6.272457333,0.;           0002431P0002027
110,1.,6.272457333,0.,1.,6.283185307,0.;                         0002433P0002028
510,2437,1,1,2443;                                               0002435P0002029
120,2439,2441,6.141264889,6.283185308;                           0002437P0002030
110,24.79782699,41.907522189,-1.,24.79782699,41.907522189,-2.;   0002439P0002031
110,45.956370001,42.134523,25.,45.956370001,42.134523,           0002441P0002032
4.263256415E-14;                                                 0002441P0002033
508,4,0,15,273,1,1,0,2445,0,15,274,1,1,0,2447,0,15,275,1,1,0,    0002443P0002034
2449,0,15,276,1,1,0,2451;                                        0002443P0002035
110,1.,6.283185307,0.,-6.661338148E-16,6.283185307,0.;           0002445P0002036
110,3.277316977E-17,6.283185307,0.,-1.26050653E-18,6.141264889,  0002447P0002037
0.;                                                              0002447P0002038
110,-1.662387088E-16,6.141264889,0.,1.,6.141264889,0.;           0002449P0002039
110,1.,6.141264889,0.,1.,6.283185308,0.;                         0002451P0002040
510,2455,1,1,2461;                                               0002453P0002041
120,2457,2459,5.747443958,6.283185307;                           0002455P0002042
110,42.94562827,44.699476711,-1.,42.94562827,44.699476711,-2.;   0002457P0002043
110,45.711538,45.125000001,25.,45.711538,45.125000001,           0002459P0002044
3.907985047E-14;                                                 0002459P0002045
508,4,0,15,277,1,1,0,2463,0,15,278,1,1,0,2465,0,15,279,1,1,0,    0002461P0002046
2467,0,15,280,1,1,0,2469;                                        0002461P0002047
110,1.,6.283185307,0.,-4.440892099E-16,6.283185307,0.;           0002463P0002048
110,1.237168152E-16,6.283185307,0.,-4.758339045E-18,5.747443958, 0002465P0002049
0.;                                                              0002465P0002050
110,-1.66238709E-16,5.747443958,0.,1.,5.747443958,0.;            0002467P0002051
110,1.,5.747443958,0.,1.,6.283185307,0.;                         0002469P0002052
510,2473,2,1,2481,2483;                                          0002471P0002053
190,2475,2477,2479;                                              0002473P0002054
116,0.,0.,0.,0;                                                  0002475P0002055
123,-0.,-0.,-1.;                                                 0002477P0002056
123,-1.,0.,0.;                                                   0002479P0002057
508,30,0,15,281,1,0,0,15,282,1,0,0,15,283,1,0,0,15,284,1,0,0,15, 0002481P0002058
285,1,0,0,15,286,1,0,0,15,287,1,0,0,15,288,1,0,0,15,289,1,0,0,   0002481P0002059
15,290,1,0,0,15,291,1,0,0,15,292,1,0,0,15,293,1,0,0,15,294,1,0,  0002481P0002060
0,15,295,1,0,0,15,296,1,0,0,15,297,1,0,0,15,298,1,0,0,15,299,1,  0002481P0002061
0,0,15,300,1,0,0,15,301,1,0,0,15,302,1,0,0,15,303,1,0,0,15,304,  0002481P0002062
1,0,0,15,305,1,0,0,15,306,1,0,0,15,307,1,0,0,15,308,1,0,0,15,    0002481P0002063
309,1,0,0,15,310,1,0;                                            0002481P0002064
508,40,0,15,311,1,0,0,15,312,1,0,0,15,313,1,0,0,15,314,1,0,0,15, 0002483P0002065
315,1,0,0,15,316,1,0,0,15,317,1,0,0,15,318,1,0,0,15,319,1,0,0,   0002483P0002066
15,320,1,0,0,15,321,1,0,0,15,322,1,0,0,15,323,1,0,0,15,324,1,0,  0002483P0002067
0,15,325,1,0,0,15,326,1,0,0,15,327,1,0,0,15,328,1,0,0,15,329,1,  0002483P0002068
0,0,15,330,1,0,0,15,331,1,0,0,15,332,1,0,0,15,333,1,0,0,15,334,  0002483P0002069
1,0,0,15,335,1,0,0,15,336,1,0,0,15,337,1,0,0,15,338,1,0,0,15,    0002483P0002070
339,1,0,0,15,340,1,0,0,15,341,1,0,0,15,342,1,0,0,15,343,1,0,0,   0002483P0002071
15,344,1,0,0,15,345,1,0,0,15,346,1,0,0,15,347,1,0,0,15,348,1,0,  0002483P0002072
0,15,349,1,0,0,15,350,1,0;                                       0002483P0002073
510,2487,2,1,2495,2497;                                          0002485P0002074
190,2489,2491,2493;                                              0002487P0002075
116,0.,0.,25.,0;                                                 0002489P0002076
123,0.,0.,1.;                                                    0002491P0002077
123,1.,0.,-0.;                                                   0002493P0002078
508,30,0,15,351,1,0,0,15,352,1,0,0,15,353,1,0,0,15,354,1,0,0,15, 0002495P0002079
355,1,0,0,15,356,1,0,0,15,357,1,0,0,15,358,1,0,0,15,359,1,0,0,   0002495P0002080
15,360,1,0,0,15,361,1,0,0,15,362,1,0,0,15,363,1,0,0,15,364,1,0,  0002495P0002081
0,15,365,1,0,0,15,366,1,0,0,15,367,1,0,0,15,368,1,0,0,15,369,1,  0002495P0002082
0,0,15,370,1,0,0,15,371,1,0,0,15,372,1,0,0,15,373,1,0,0,15,374,  0002495P0002083
1,0,0,15,375,1,0,0,15,376,1,0,0,15,377,1,0,0,15,378,1,0,0,15,    0002495P0002084
379,1,0,0,15,380,1,0;                                            0002495P0002085
508,40,0,15,381,1,0,0,15,382,1,0,0,15,383,1,0,0,15,384,1,0,0,15, 0002497P0002086
385,1,0,0,15,386,1,0,0,15,387,1,0,0,15,388,1,0,0,15,389,1,0,0,   0002497P0002087
15,390,1,0,0,15,391,1,0,0,15,392,1,0,0,15,393,1,0,0,15,394,1,0,  0002497P0002088
0,15,395,1,0,0,15,396,1,0,0,15,397,1,0,0,15,398,1,0,0,15,399,1,  0002497P0002089
0,0,15,400,1,0,0,15,401,1,0,0,15,402,1,0,0,15,403,1,0,0,15,404,  0002497P0002090
1,0,0,15,405,1,0,0,15,406,1,0,0,15,407,1,0,0,15,408,1,0,0,15,    0002497P0002091
409,1,0,0,15,410,1,0,0,15,411,1,0,0,15,412,1,0,0,15,413,1,0,0,   0002497P0002092
15,414,1,0,0,15,415,1,0,0,15,416,1,0,0,15,417,1,0,0,15,418,1,0,  0002497P0002093
0,15,419,1,0,0,15,420,1,0;                                       0002497P0002094
S      1G      4D   2498P   2094                                        T0000001
